"subject","trial","type","rt","p","r","vDiff_ab","choice_ab","vA","vB","choice_lr","H"
9156482,1,"AB",5.84159999996424,0.5,0.7,5.25,1,30,24.75,"1",45
9156482,2,"AB",4.70810000002384,0.5,0.7,-10.5,0,30,40.5,"0",90
9156482,3,"AB",4.24409999996424,0.5,0.7,15.75,1,30,14.25,"0",15
9156482,4,"AB",5.24339999997616,0.5,0.7,3.5,1,30,26.5,"1",50
9156482,5,"AB",2.67059999996424,0.5,0.7,17.5,1,30,12.5,"1",10
9156482,6,"AB",9.68060000002384,0.5,0.7,10.5,1,30,19.5,"0",30
9156482,7,"AB",5.37240000003576,0.5,0.7,12.25,1,30,17.75,"0",25
9156482,8,"AB",6.87610000002384,0.5,0.7,-3.5,1,30,33.5,"0",70
9156482,9,"AB",3.54730000001192,0.5,0.7,-14,0,30,44,"0",100
9156482,10,"AB",1.936,0.5,0.7,8.75,1,30,21.25,"1",35
9156482,11,"AB",2.56930000001192,0.5,0.7,19.25,1,30,10.75,"0",5
9156482,12,"AB",1.90880000001192,0.5,0.7,-1.75,1,30,31.75,"1",65
9156482,13,"AB",1.7825,0.5,0.7,7,1,30,23,"1",40
9156482,14,"AB",1.59969999998808,0.5,0.7,-5.25,1,30,35.25,"1",75
9156482,15,"AB",3.77530000001192,0.5,0.7,0,1,30,30,"1",60
9156482,16,"AB",2.32610000002384,0.5,0.7,14,1,30,16,"0",20
9156482,17,"AB",2.52440000003576,0.5,0.7,-12.25,0,30,42.25,"0",95
9156482,18,"AB",2.13639999997616,0.5,0.7,-8.75,0,30,38.75,"1",85
9156482,19,"AB",1.50110000002384,0.5,0.7,-7,1,30,37,"0",80
9156482,20,"AB",1.505,0.5,0.7,1.75,1,30,28.25,"1",55
9156482,21,"ApBp",6.98020000004768,0.5,0.7,19.25,1,21,1.75,"0",5
9156482,22,"ApBp",6.02510000002384,0.5,0.7,-7,1,21,28,"0",80
9156482,23,"ApBp",6.49019999998808,0.5,0.7,5.25,1,21,15.75,"0",45
9156482,24,"ApBp",5.02369999998808,0.5,0.7,-5.25,1,21,26.25,"0",75
9156482,25,"ApBp",4.614,0.5,0.7,15.75,1,21,5.25,"1",15
9156482,26,"ApBp",3.27860000002384,0.5,0.7,7,1,21,14,"1",40
9156482,27,"ApBp",1.66110000002384,0.5,0.7,10.5,1,21,10.5,"1",30
9156482,28,"ApBp",1.80869999998808,0.5,0.7,8.75,1,21,12.25,"1",35
9156482,29,"ApBp",3.58680000001192,0.5,0.7,-14,0,21,35,"0",100
9156482,30,"ApBp",1.02680000001192,0.5,0.7,12.25,1,21,8.75,"1",25
9156482,31,"ApBp",1.8935,0.5,0.7,0,1,21,21,"0",60
9156482,32,"ApBp",2.64309999996424,0.5,0.7,-3.5,1,21,24.5,"0",70
9156482,33,"ApBp",3.77140000003576,0.5,0.7,-1.75,1,21,22.75,"1",65
9156482,34,"ApBp",2.78289999997616,0.5,0.7,-8.75,1,21,29.75,"0",85
9156482,35,"ApBp",1.55469999998808,0.5,0.7,-10.5,0,21,31.5,"1",90
9156482,36,"ApBp",2.3995,0.5,0.7,14,1,21,7,"1",20
9156482,37,"ApBp",4.449,0.5,0.7,-12.25,0,21,33.25,"0",95
9156482,38,"ApBp",6.11869999998808,0.5,0.7,3.5,1,21,17.5,"0",50
9156482,39,"ApBp",1.54419999998808,0.5,0.7,17.5,1,21,3.5,"1",10
9156482,40,"ApBp",2.1935,0.5,0.7,1.75,1,21,19.25,"1",55
9156521,1,"AB",8.81109999996424,0.5,0.7,-13.3,0,30,43.3,"1",70
9156521,2,"AB",5.93019999998808,0.5,0.7,-1.05,1,30,31.05,"0",45
9156521,3,"AB",7.77470000004768,0.5,0.7,-3.5,1,30,33.5,"1",50
9156521,4,"AB",6.002,0.5,0.7,6.3,1,30,23.7,"1",30
9156521,5,"AB",4.5305,0.5,0.7,13.65,1,30,16.35,"1",15
9156521,6,"AB",5.86569999998808,0.5,0.7,1.4,1,30,28.6,"0",40
9156521,7,"AB",7.41320000004768,0.5,0.7,-20.65,0,30,50.65,"1",85
9156521,8,"AB",4.24269999998808,0.5,0.7,11.2,1,30,18.8,"1",20
9156521,9,"AB",4.0635,0.5,0.7,-25.55,0,30,55.55,"0",95
9156521,10,"AB",11.4043999999762,0.5,0.7,-5.95,1,30,35.95,"0",55
9156521,11,"AB",3.825,0.5,0.7,18.55,1,30,11.45,"1",5
9156521,12,"AB",6.45010000002384,0.5,0.7,-8.4,0,30,38.4,"1",60
9156521,13,"AB",6.98860000002384,0.5,0.7,16.1,1,30,13.9,"1",10
9156521,14,"AB",2.05029999995232,0.5,0.7,-28,0,30,58,"0",100
9156521,15,"AB",3.08,0.5,0.7,-18.2,0,30,48.2,"1",80
9156521,16,"AB",1.65639999997616,0.5,0.7,3.85,1,30,26.15,"1",35
9156521,17,"AB",2.08609999996424,0.5,0.7,-10.85,1,30,40.85,"1",65
9156521,18,"AB",4.5435,0.5,0.7,8.75,1,30,21.25,"0",25
9156521,19,"AB",4.60140000003576,0.5,0.7,-15.75,0,30,45.75,"0",75
9156521,20,"AB",3.03760000002384,0.5,0.7,-23.1,0,30,53.1,"0",90
9156521,22,"ApBp",5.21039999997616,0.5,0.7,-23.1,0,21,44.1,"1",90
9156521,23,"ApBp",4.79870000004768,0.5,0.7,-1.05,1,21,22.05,"0",45
9156521,24,"ApBp",4.78519999998808,0.5,0.7,-5.95,1,21,26.95,"1",55
9156521,25,"ApBp",5.10639999997616,0.5,0.7,1.4,1,21,19.6,"0",40
9156521,26,"ApBp",6.11579999995232,0.5,0.7,18.55,1,21,2.45,"1",5
9156521,27,"ApBp",2.56529999995232,0.5,0.7,11.2,1,21,9.8,"1",20
9156521,28,"ApBp",2.15629999995232,0.5,0.7,-15.75,1,21,36.75,"1",75
9156521,29,"ApBp",3.25839999997616,0.5,0.7,-10.85,1,21,31.85,"1",65
9156521,30,"ApBp",2.26189999997616,0.5,0.7,16.1,1,21,4.9,"1",10
9156521,31,"ApBp",3.02069999998808,0.5,0.7,-28,1,21,49,"1",100
9156521,32,"ApBp",7.11559999996424,0.5,0.7,-25.55,1,21,46.55,"1",95
9156521,33,"ApBp",3.26919999998808,0.5,0.7,-20.65,1,21,41.65,"0",85
9156521,34,"ApBp",4.22679999995232,0.5,0.7,-8.4,1,21,29.4,"0",60
9156521,35,"ApBp",1.27169999998808,0.5,0.7,-18.2,1,21,39.2,"0",80
9156521,36,"ApBp",1.7175,0.5,0.7,-3.5,1,21,24.5,"1",50
9156521,37,"ApBp",1.07420000004768,0.5,0.7,3.85,1,21,17.15,"0",35
9156521,38,"ApBp",0.800399999976158,0.5,0.7,6.3,1,21,14.7,"1",30
9156521,39,"ApBp",3.45740000003576,0.5,0.7,-13.3,1,21,34.3,"1",70
9156521,40,"ApBp",4.50589999997616,0.5,0.7,13.65,1,21,7.35,"1",15
9156545,1,"AB",7.72699999999999,0.5,0.7,-7.8,0,30,37.8,"0",80
9156545,2,"AB",6.54800000000001,0.5,0.7,2.7,1,30,27.3,"0",30
9156545,3,"AB",8.689,0.5,0.7,-2.55,0,30,32.55,"0",55
9156545,4,"AB",4.927,0.5,0.7,0.600000000000001,0,30,29.4,"1",40
9156545,5,"AB",7.33199999999997,0.5,0.7,-0.449999999999999,0,30,30.45,"0",45
9156545,6,"AB",3.96200000000003,0.5,0.7,7.95,1,30,22.05,"0",5
9156545,7,"AB",5.112,0.5,0.7,-4.65,0,30,34.65,"1",65
9156545,8,"AB",4.533,0.5,0.7,-5.7,0,30,35.7,"0",70
9156545,9,"AB",6.24500000000003,0.5,0.7,1.65,1,30,28.35,"1",35
9156545,10,"AB",4.51,0.5,0.7,-6.75,0,30,36.75,"1",75
9156545,11,"AB",5.751,0.5,0.7,6.9,1,30,23.1,"1",10
9156545,12,"AB",4.794,0.5,0.7,-9.9,0,30,39.9,"1",90
9156545,13,"AB",4.199,0.5,0.7,-3.6,0,30,33.6,"1",60
9156545,14,"AB",3.53999999999997,0.5,0.7,-1.5,0,30,31.5,"1",50
9156545,15,"AB",3.84199999999997,0.5,0.7,5.85,1,30,24.15,"1",15
9156545,16,"AB",3.00500000000003,0.5,0.7,4.8,1,30,25.2,"1",20
9156545,17,"AB",4.586,0.5,0.7,3.75,1,30,26.25,"0",25
9156545,18,"AB",3.727,0.5,0.7,-8.84999999999999,0,30,38.85,"1",85
9156545,19,"AB",3.375,0.5,0.7,-10.95,0,30,40.95,"1",95
9156545,20,"AB",3.949,0.5,0.7,-12,0,30,42,"0",100
9156545,22,"ApBp",6.216,0.5,0.7,-10.95,0,9,19.95,"1",95
9156545,23,"ApBp",7.955,0.5,0.7,-2.55,0,9,11.55,"0",55
9156545,24,"ApBp",9.532,0.5,0.7,2.7,1,9,6.3,"0",30
9156545,25,"ApBp",6.50399999999994,0.5,0.7,5.85,1,9,3.15,"0",15
9156545,26,"ApBp",5.19,0.5,0.7,6.9,1,9,2.1,"1",10
9156545,27,"ApBp",8.186,0.5,0.7,1.65,1,9,7.35,"0",35
9156545,28,"ApBp",9.1,0.5,0.7,-3.6,0,9,12.6,"1",60
9156545,29,"ApBp",3.54499999999994,0.5,0.7,7.95,1,9,1.05,"0",5
9156545,30,"ApBp",7.4,0.5,0.7,-5.7,0,9,14.7,"1",70
9156545,31,"ApBp",6.393,0.5,0.7,-8.85,0,9,17.85,"0",85
9156545,32,"ApBp",2.821,0.5,0.7,-12,0,9,21,"1",100
9156545,33,"ApBp",3.096,0.5,0.7,-9.9,0,9,18.9,"0",90
9156545,34,"ApBp",3.073,0.5,0.7,-4.65,0,9,13.65,"0",65
9156545,35,"ApBp",3.54800000000006,0.5,0.7,-1.5,0,9,10.5,"0",50
9156545,36,"ApBp",4.098,0.5,0.7,3.75,1,9,5.25,"0",25
9156545,37,"ApBp",4.882,0.5,0.7,-7.8,0,9,16.8,"1",80
9156545,38,"ApBp",2.563,0.5,0.7,4.8,1,9,4.2,"0",20
9156545,39,"ApBp",3.201,0.5,0.7,-0.449999999999999,0,9,9.45,"0",45
9156545,40,"ApBp",6.053,0.5,0.7,0.6,0,9,8.4,"0",40
9156697,1,"AB",4.891,0.5,0.7,3.85,1,30,26.15,"1",35
9156697,2,"AB",5.10399999999997,0.5,0.7,-23.1,0,30,53.1,"0",90
9156697,3,"AB",6.625,0.5,0.7,-28,0,30,58,"0",100
9156697,4,"AB",4.063,0.5,0.7,-25.55,0,30,55.55,"0",95
9156697,5,"AB",4.45699999999994,0.5,0.7,16.1,1,30,13.9,"1",10
9156697,6,"AB",5.545,0.5,0.7,13.65,1,30,16.35,"1",15
9156697,7,"AB",3.039,0.5,0.7,-3.5,0,30,33.5,"0",50
9156697,8,"AB",6.064,0.5,0.7,-20.65,0,30,50.65,"1",85
9156697,9,"AB",2.952,0.5,0.7,-15.75,0,30,45.75,"0",75
9156697,10,"AB",2.897,0.5,0.7,-10.85,0,30,40.85,"0",65
9156697,11,"AB",2.404,0.5,0.7,18.55,1,30,11.45,"1",5
9156697,12,"AB",5.674,0.5,0.7,6.3,0,30,23.7,"0",30
9156697,15,"AB",11.136,0.5,0.7,-5.95,0,30,35.95,"1",55
9156697,16,"AB",6.447,0.5,0.7,1.4,0,30,28.6,"1",40
9156697,17,"AB",2.976,0.5,0.7,-18.2,0,30,48.2,"1",80
9156697,18,"AB",4.10300000000006,0.5,0.7,8.75,1,30,21.25,"0",25
9156697,19,"AB",4.225,0.5,0.7,11.2,1,30,18.8,"1",20
9156697,20,"AB",4.846,0.5,0.7,-8.4,0,30,38.4,"1",60
9156697,21,"ApBp",8.801,0.5,0.7,-20.65,0,21,41.65,"1",85
9156697,23,"ApBp",7.054,0.5,0.7,1.4,1,21,19.6,"0",40
9156697,24,"ApBp",5.57600000000006,0.5,0.7,16.1,1,21,4.9,"1",10
9156697,25,"ApBp",6.085,0.5,0.7,13.65,1,21,7.35,"1",15
9156697,26,"ApBp",8.32,0.5,0.7,18.55,1,21,2.45,"1",5
9156697,27,"ApBp",10.546,0.5,0.7,3.85,1,21,17.15,"0",35
9156697,28,"ApBp",5.40200000000006,0.5,0.7,6.3,1,21,14.7,"1",30
9156697,29,"ApBp",6.68,0.5,0.7,-28,0,21,49,"0",100
9156697,30,"ApBp",7.278,0.5,0.7,11.2,1,21,9.8,"1",20
9156697,33,"ApBp",4.45799999999988,0.5,0.7,-23.1,0,21,44.1,"1",90
9156697,34,"ApBp",5.85,0.5,0.7,-25.55,0,21,46.55,"0",95
9156697,35,"ApBp",7.362,0.5,0.7,-5.95,0,21,26.95,"0",55
9156697,36,"ApBp",11.185,0.5,0.7,-1.05,1,21,22.05,"0",45
9156697,37,"ApBp",5.62,0.5,0.7,-13.3,0,21,34.3,"0",70
9156697,38,"ApBp",6.037,0.5,0.7,8.75,1,21,12.25,"1",25
9156697,39,"ApBp",7.353,0.5,0.7,-15.75,0,21,36.75,"0",75
9156697,40,"ApBp",3.74700000000012,0.5,0.7,-18.2,0,21,39.2,"1",80
9156739,1,"AB",3.03439999997616,0.5,0.7,-13.3,0,30,43.3,"1",70
9156739,2,"AB",4.09369999992847,0.5,0.7,-20.65,0,30,50.65,"1",85
9156739,3,"AB",4.453,0.5,0.7,-3.5,0,30,33.5,"0",50
9156739,4,"AB",2.9945,0.5,0.7,-10.85,1,30,40.85,"1",65
9156739,5,"AB",3.60110000002384,0.5,0.7,-1.05,1,30,31.05,"0",45
9156739,6,"AB",3.82439999997616,0.5,0.7,1.4,1,30,28.6,"0",40
9156739,7,"AB",1.9175,0.5,0.7,11.2,1,30,18.8,"1",20
9156739,8,"AB",4.63210000002384,0.5,0.7,13.65,1,30,16.35,"1",15
9156739,9,"AB",5.25729999995232,0.5,0.7,18.55,1,30,11.45,"1",5
9156739,10,"AB",4.00679999995232,0.5,0.7,-8.4,0,30,38.4,"1",60
9156739,11,"AB",3.6675,0.5,0.7,-25.55,0,30,55.55,"0",95
9156739,12,"AB",3.70580000007153,0.5,0.7,16.1,1,30,13.9,"1",10
9156739,13,"AB",3.53179999995232,0.5,0.7,-15.75,0,30,45.75,"0",75
9156739,14,"AB",1.7905,0.5,0.7,6.3,1,30,23.7,"1",30
9156739,15,"AB",4.7875,0.5,0.7,8.75,1,30,21.25,"0",25
9156739,16,"AB",7.6075,0.5,0.7,3.85,1,30,26.15,"1",35
9156739,17,"AB",5.96109999990463,0.5,0.7,-5.95,0,30,35.95,"1",55
9156739,18,"AB",3.00639999997616,0.5,0.7,-23.1,0,30,53.1,"0",90
9156739,19,"AB",1.51119999992847,0.5,0.7,-18.2,0,30,48.2,"1",80
9156739,20,"AB",2.41089999997616,0.5,0.7,-28,0,30,58,"0",100
9156739,21,"ApBp",2.50980000007153,0.5,0.7,8.75,1,21,12.25,"1",25
9156739,22,"ApBp",2.70060000002384,0.5,0.7,18.55,1,21,2.45,"1",5
9156739,23,"ApBp",2.64419999992847,0.5,0.7,-23.1,0,21,44.1,"1",90
9156739,24,"ApBp",3.01439999997616,0.5,0.7,16.1,1,21,4.9,"1",10
9156739,25,"ApBp",4.88529999995232,0.5,0.7,-3.5,0,21,24.5,"0",50
9156739,26,"ApBp",2.49260000002384,0.5,0.7,-20.65,0,21,41.65,"1",85
9156739,27,"ApBp",3.15660000002384,0.5,0.7,-1.05,1,21,22.05,"0",45
9156739,28,"ApBp",2.30889999997616,0.5,0.7,-13.3,0,21,34.3,"0",70
9156739,29,"ApBp",1.99839999997616,0.5,0.7,-15.75,0,21,36.75,"0",75
9156739,30,"ApBp",5.56780000007153,0.5,0.7,1.4,1,21,19.6,"0",40
9156739,31,"ApBp",3.79870000004768,0.5,0.7,11.2,1,21,9.8,"1",20
9156739,32,"ApBp",2.2595,0.5,0.7,-5.95,0,21,26.95,"0",55
9156739,33,"ApBp",2.89660000002384,0.5,0.7,-10.85,0,21,31.85,"0",65
9156739,34,"ApBp",1.46229999995232,0.5,0.7,-18.2,0,21,39.2,"1",80
9156739,35,"ApBp",3.261,0.5,0.7,-8.4,0,21,29.4,"1",60
9156739,36,"ApBp",3.19460000002384,0.5,0.7,6.3,1,21,14.7,"1",30
9156739,37,"ApBp",4.436,0.5,0.7,3.85,1,21,17.15,"0",35
9156739,38,"ApBp",2.67460000002384,0.5,0.7,-28,0,21,49,"0",100
9156739,39,"ApBp",2.85889999997616,0.5,0.7,13.65,1,21,7.35,"1",15
9156739,40,"ApBp",1.89160000002384,0.5,0.7,-25.55,0,21,46.55,"0",95
9158390,1,"AB",6.00629999999702,0.5,0.7,3.75,1,30,26.25,"0",25
9158390,2,"AB",4.96790000000596,0.5,0.7,0.600000000000001,0,30,29.4,"1",40
9158390,3,"AB",3.97979999999702,0.5,0.7,-4.65,0,30,34.65,"1",65
9158390,4,"AB",1.8735,0.5,0.7,-6.75,0,30,36.75,"1",75
9158390,5,"AB",6.447,0.5,0.7,6.9,1,30,23.1,"1",10
9158390,6,"AB",2.8465,0.5,0.7,-12,0,30,42,"0",100
9158390,7,"AB",2.3685,0.5,0.7,4.8,1,30,25.2,"1",20
9158390,8,"AB",3.23409999999404,0.5,0.7,-10.95,0,30,40.95,"1",95
9158390,9,"AB",4.76479999999702,0.5,0.7,-8.84999999999999,0,30,38.85,"1",85
9158390,10,"AB",2.26,0.5,0.7,-3.6,0,30,33.6,"1",60
9158390,11,"AB",2.08640000000596,0.5,0.7,-5.7,0,30,35.7,"0",70
9158390,12,"AB",1.89569999998808,0.5,0.7,-9.9,0,30,39.9,"1",90
9158390,13,"AB",3.43789999999106,0.5,0.7,-0.449999999999999,0,30,30.45,"0",45
9158390,14,"AB",4.9385,0.5,0.7,-2.55,0,30,32.55,"0",55
9158390,15,"AB",6.32129999999702,0.5,0.7,1.65,0,30,28.35,"0",35
9158390,16,"AB",2.21689999999106,0.5,0.7,2.7,1,30,27.3,"0",30
9158390,17,"AB",3.04890000000596,0.5,0.7,-1.5,0,30,31.5,"1",50
9158390,18,"AB",2.03209999999404,0.5,0.7,5.85,1,30,24.15,"1",15
9158390,19,"AB",2.09470000000298,0.5,0.7,7.95,1,30,22.05,"0",5
9158390,20,"AB",2.82940000000596,0.5,0.7,-7.8,0,30,37.8,"0",80
9158390,21,"ApBp",6.54629999999702,0.5,0.7,2.7,1,9,6.3,"0",30
9158390,22,"ApBp",5.19590000000596,0.5,0.7,5.85,1,9,3.15,"0",15
9158390,23,"ApBp",9.78590000000596,0.5,0.7,-6.75,0,9,15.75,"0",75
9158390,24,"ApBp",7.17829999999702,0.5,0.7,-10.95,0,9,19.95,"1",95
9158390,26,"ApBp",8.0425,0.5,0.7,1.65,1,9,7.35,"0",35
9158390,27,"ApBp",5.40239999999106,0.5,0.7,-8.85,0,9,17.85,"0",85
9158390,28,"ApBp",6.275,0.5,0.7,-0.449999999999999,1,9,9.45,"1",45
9158390,29,"ApBp",6.70940000000596,0.5,0.7,0.6,1,9,8.4,"1",40
9158390,30,"ApBp",1.83379999999702,0.5,0.7,-2.55,0,9,11.55,"0",55
9158390,31,"ApBp",3.04470000000298,0.5,0.7,6.9,1,9,2.1,"1",10
9158390,32,"ApBp",7.89490000000596,0.5,0.7,-5.7,0,9,14.7,"1",70
9158390,33,"ApBp",3.34020000000298,0.5,0.7,4.8,1,9,4.2,"0",20
9158390,34,"ApBp",3.80259999999404,0.5,0.7,3.75,1,9,5.25,"0",25
9158390,35,"ApBp",1.559,0.5,0.7,-7.8,0,9,16.8,"1",80
9158390,36,"ApBp",2.34789999999106,0.5,0.7,-3.6,0,9,12.6,"1",60
9158390,37,"ApBp",10.228200000003,0.5,0.7,-1.5,0,9,10.5,"0",50
9158390,38,"ApBp",3.84679999999702,0.5,0.7,-9.9,0,9,18.9,"0",90
9158390,39,"ApBp",1.653,0.5,0.7,-4.65,0,9,13.65,"0",65
9158390,40,"ApBp",1.42370000000298,0.5,0.7,-12,0,9,21,"1",100
9163405,6,"AB",4.11540000009537,0.5,0.7,8.4,1,30,21.6,"0",60
9163405,7,"AB",6.231,0.5,0.7,17.85,1,30,12.15,"1",15
9163405,8,"AB",11.6421999998093,0.5,0.7,10.5,1,30,19.5,"1",50
9163405,10,"AB",1.13560000038147,0.5,0.7,16.8,1,30,13.2,"0",20
9163405,12,"AB",2.69630000019073,0.5,0.7,19.95,1,30,10.05,"1",5
9163405,13,"AB",3.38709999990463,0.5,0.7,2.1,0,30,27.9,"1",90
9163405,14,"AB",10.5133000001907,0.5,0.7,7.35,0,30,22.65,"1",65
9163405,15,"AB",2.6707000002861,0.5,0.7,3.15,0,30,26.85,"1",85
9163405,16,"AB",4.6177999997139,0.5,0.7,9.45,1,30,20.55,"1",55
9163405,17,"AB",3.01739999961853,0.5,0.7,18.9,1,30,11.1,"0",10
9163405,18,"AB",4.9557999997139,0.5,0.7,6.3,0,30,23.7,"0",70
9163405,19,"AB",2.40280000019074,0.5,0.7,11.55,1,30,18.45,"0",45
9163405,20,"AB",7.937,0.5,0.7,13.65,1,30,16.35,"1",35
9163405,21,"ApBp",8.5855,0.5,0.7,12.6,1,21,8.4,"0",40
9163405,23,"ApBp",6.56030000019074,0.5,0.7,7.35,1,21,13.65,"1",65
9163405,25,"ApBp",6.02330000019074,0.5,0.7,1.05,0,21,19.95,"0",95
9163405,26,"ApBp",2.876,0.5,0.7,18.9,1,21,2.1,"0",10
9163405,30,"ApBp",2.98269999980926,0.5,0.7,19.95,1,21,1.05,"1",5
9163405,32,"ApBp",4.1332000002861,0.5,0.7,17.85,1,21,3.15,"1",15
9163405,33,"ApBp",3.94080000019073,0.5,0.7,10.5,1,21,10.5,"1",50
9163405,34,"ApBp",12.0338000001907,0.5,0.7,0,1,21,21,"0",100
9163405,35,"ApBp",2.35590000009537,0.5,0.7,3.15,1,21,17.85,"0",85
9163405,36,"ApBp",4.54230000019073,0.5,0.7,13.65,1,21,7.35,"0",35
9163405,37,"ApBp",1.6907999997139,0.5,0.7,11.55,1,21,9.45,"0",45
9163405,38,"ApBp",2.11640000009537,0.5,0.7,16.8,1,21,4.2,"1",20
9163405,39,"ApBp",1.15930000019073,0.5,0.7,15.75,1,21,5.25,"1",25
9163405,40,"ApBp",1.674,0.5,0.7,6.3,1,21,14.7,"0",70
9163695,1,"AB",3.57960000000149,0.5,0.7,0.450000000000003,0,30,29.55,"1",95
9163695,2,"AB",5.6015,0.5,0.7,2.25,1,30,27.75,"1",75
9163695,3,"AB",6.6675,0.5,0.7,7.2,1,30,22.8,"1",20
9163695,4,"AB",8.38739999999851,0.5,0.7,2.7,1,30,27.3,"1",70
9163695,5,"AB",2.46830000000074,0.5,0.7,6.75,1,30,23.25,"0",25
9163695,6,"AB",5.80439999999851,0.5,0.7,5.85,1,30,24.15,"1",35
9163695,7,"AB",6.139,0.5,0.7,4.95,1,30,25.05,"0",45
9163695,8,"AB",2.34380000000075,0.5,0.7,7.65,1,30,22.35,"0",15
9163695,9,"AB",2.13589999999851,0.5,0.7,0,0,30,30,"0",100
9163695,10,"AB",1.66369999999925,0.5,0.7,0.899999999999999,0,30,29.1,"0",90
9163695,11,"AB",2.6395,0.5,0.7,4.5,0,30,25.5,"1",50
9163695,12,"AB",1.43519999999925,0.5,0.7,8.55,1,30,21.45,"0",5
9163695,13,"AB",1.71530000000075,0.5,0.7,8.1,1,30,21.9,"0",10
9163695,14,"AB",1.80390000000224,0.5,0.7,1.35,0,30,28.65,"1",85
9163695,15,"AB",2.323,0.5,0.7,6.3,1,30,23.7,"0",30
9163695,16,"AB",1.51540000000224,0.5,0.7,3.6,0,30,26.4,"0",60
9163695,17,"AB",1.19160000000149,0.5,0.7,1.8,0,30,28.2,"1",80
9163695,18,"AB",1.49010000000149,0.5,0.7,5.4,1,30,24.6,"0",40
9163695,19,"AB",1.48979999999702,0.5,0.7,3.15,0,30,26.85,"1",65
9163695,20,"AB",1.84489999999851,0.5,0.7,4.05,0,30,25.95,"1",55
9163695,21,"ApBp",3.57189999999851,0.5,0.7,1.8,1,9,7.2,"1",80
9163695,22,"ApBp",5.6935,0.5,0.7,0.9,0,9,8.1,"1",90
9163695,23,"ApBp",6.40859999999777,0.5,0.7,6.75,1,9,2.25,"1",25
9163695,24,"ApBp",5.21139999999851,0.5,0.7,7.2,1,9,1.8,"0",20
9163695,25,"ApBp",4.24340000000223,0.5,0.7,5.4,1,9,3.6,"1",40
9163695,26,"ApBp",11.6638000000007,0.5,0.7,0,0,9,9,"1",100
9163695,27,"ApBp",11.5921999999993,0.5,0.7,8.1,1,9,0.9,"1",10
9163695,28,"ApBp",1.96090000000224,0.5,0.7,2.25,0,9,6.75,"0",75
9163695,29,"ApBp",3.14059999999776,0.5,0.7,4.05,0,9,4.95,"0",55
9163695,30,"ApBp",3.13469999999925,0.5,0.7,2.7,0,9,6.3,"0",70
9163695,31,"ApBp",1.579,0.5,0.7,5.85,1,9,3.15,"1",35
9163695,32,"ApBp",1.855,0.5,0.7,8.55,1,9,0.45,"0",5
9163695,33,"ApBp",2.16969999999926,0.5,0.7,1.35,0,9,7.65,"1",85
9163695,34,"ApBp",3.973,0.5,0.7,3.6,0,9,5.4,"0",60
9163695,35,"ApBp",5.17189999999851,0.5,0.7,0.450000000000001,0,9,8.55,"1",95
9163695,36,"ApBp",1.893,0.5,0.7,7.65,1,9,1.35,"1",15
9163695,37,"ApBp",4.53019999999925,0.5,0.7,4.5,1,9,4.5,"0",50
9163695,38,"ApBp",1.22210000000149,0.5,0.7,3.15,0,9,5.85,"0",65
9163695,39,"ApBp",4.02759999999776,0.5,0.7,4.95,1,9,4.05,"0",45
9163695,40,"ApBp",4.66419999999925,0.5,0.7,6.3,1,9,2.7,"0",30
9158916,1,"AB",6.35239999999851,0.5,0.7,-0.449999999999999,1,30,30.45,"1",45
9158916,2,"AB",4.91119999999925,0.5,0.7,-9.9,0,30,39.9,"1",90
9158916,3,"AB",8.19080000000075,0.5,0.7,-2.55,0,30,32.55,"0",55
9158916,4,"AB",4.16120000000298,0.5,0.7,-4.65,0,30,34.65,"1",65
9158916,5,"AB",4.27410000000149,0.5,0.7,4.8,1,30,25.2,"1",20
9158916,6,"AB",2.79580000000075,0.5,0.7,3.75,1,30,26.25,"0",25
9158916,7,"AB",3.549,0.5,0.7,-10.95,0,30,40.95,"1",95
9158916,8,"AB",3.703,0.5,0.7,-6.75,0,30,36.75,"1",75
9158916,9,"AB",1.73559999999776,0.5,0.7,-12,0,30,42,"0",100
9158916,10,"AB",2.89530000000074,0.5,0.7,-5.7,0,30,35.7,"0",70
9158916,11,"AB",2.13529999999702,0.5,0.7,-3.6,0,30,33.6,"1",60
9158916,12,"AB",2.15560000000149,0.5,0.7,-7.8,0,30,37.8,"0",80
9158916,13,"AB",2.85309999999776,0.5,0.7,-8.84999999999999,0,30,38.85,"1",85
9158916,14,"AB",5.09620000000298,0.5,0.7,0.600000000000001,1,30,29.4,"0",40
9158916,15,"AB",2.01469999999925,0.5,0.7,7.95,1,30,22.05,"0",5
9158916,16,"AB",3.03589999999851,0.5,0.7,-1.5,0,30,31.5,"1",50
9158916,17,"AB",2.01330000000075,0.5,0.7,5.85,1,30,24.15,"1",15
9158916,18,"AB",2.97419999999925,0.5,0.7,1.65,1,30,28.35,"1",35
9158916,19,"AB",3.27719999999925,0.5,0.7,2.7,1,30,27.3,"0",30
9158916,20,"AB",3.3975,0.5,0.7,6.9,1,30,23.1,"1",10
9158916,21,"ApBp",5.69330000000074,0.5,0.7,5.85,1,9,3.15,"0",15
9158916,22,"ApBp",5.15359999999776,0.5,0.7,-4.65,0,9,13.65,"0",65
9158916,23,"ApBp",3.22610000000149,0.5,0.7,-3.6,0,9,12.6,"1",60
9158916,24,"ApBp",7.36189999999851,0.5,0.7,2.7,1,9,6.3,"0",30
9158916,25,"ApBp",2.76760000000149,0.5,0.7,7.95,1,9,1.05,"0",5
9158916,26,"ApBp",3.03929999999702,0.5,0.7,-8.85,0,9,17.85,"0",85
9158916,27,"ApBp",1.59640000000224,0.5,0.7,1.65,1,9,7.35,"0",35
9158916,28,"ApBp",2.18889999999851,0.5,0.7,3.75,1,9,5.25,"0",25
9158916,29,"ApBp",6.611,0.5,0.7,-0.449999999999999,0,9,9.45,"0",45
9158916,30,"ApBp",3.143,0.5,0.7,-9.9,0,9,18.9,"0",90
9158916,31,"ApBp",1.62370000000298,0.5,0.7,-7.8,0,9,16.8,"1",80
9158916,32,"ApBp",1.9315,0.5,0.7,-10.95,0,9,19.95,"1",95
9158916,33,"ApBp",2.01139999999851,0.5,0.7,0.6,1,9,8.4,"1",40
9158916,34,"ApBp",2.03369999999925,0.5,0.7,-5.7,0,9,14.7,"1",70
9158916,35,"ApBp",8.59160000000149,0.5,0.7,4.8,1,9,4.2,"0",20
9158916,36,"ApBp",2.77119999999926,0.5,0.7,-6.75,0,9,15.75,"0",75
9158916,37,"ApBp",1.76010000000149,0.5,0.7,6.9,1,9,2.1,"1",10
9158916,38,"ApBp",2.84280000000075,0.5,0.7,-12,0,9,21,"1",100
9158916,40,"ApBp",9.1765,0.5,0.7,-1.5,0,9,10.5,"0",50
9158535,1,"AB",5.228,0.5,0.7,5.25,1,30,24.75,"1",25
9158535,2,"AB",4.896,0.5,0.7,-0.75,1,30,30.75,"0",65
9158535,3,"AB",9.171,0.5,0.7,-1.5,1,30,31.5,"1",70
9158535,4,"AB",3.925,0.5,0.7,3,1,30,27,"1",40
9158535,5,"AB",4.216,0.5,0.7,3.75,1,30,26.25,"1",35
9158535,6,"AB",5.28,0.5,0.7,-4.5,1,30,34.5,"1",90
9158535,7,"AB",5.311,0.5,0.7,6,1,30,24,"1",20
9158535,8,"AB",3.425,0.5,0.7,6.75,1,30,23.25,"0",15
9158535,9,"AB",7.444,0.5,0.7,0,1,30,30,"0",60
9158535,10,"AB",6.23,0.5,0.7,-2.25,1,30,32.25,"1",75
9158535,11,"AB",1.949,0.5,0.7,-5.25,1,30,35.25,"0",95
9158535,12,"AB",2.93,0.5,0.7,0.75,1,30,29.25,"0",55
9158535,13,"AB",1.707,0.5,0.7,4.5,1,30,25.5,"0",30
9158535,14,"AB",6.402,0.5,0.7,-6,1,30,36,"1",100
9158535,15,"AB",2.37,0.5,0.7,2.25,1,30,27.75,"0",45
9158535,16,"AB",2.568,0.5,0.7,-3,1,30,33,"0",80
9158535,17,"AB",1.549,0.5,0.7,8.25,1,30,21.75,"0",5
9158535,18,"AB",11.839,0.5,0.7,7.5,1,30,22.5,"1",10
9158535,19,"AB",9.717,0.5,0.7,1.5,1,30,28.5,"0",50
9158535,20,"AB",4.961,0.5,0.7,-3.75,1,30,33.75,"1",85
9158535,22,"ApBp",9.474,0.5,0.7,1.5,1,9,7.5,"0",50
9158535,23,"ApBp",11.522,0.5,0.7,-4.5,1,9,13.5,"1",90
9158535,24,"ApBp",7.358,0.5,0.7,8.25,1,9,0.75,"0",5
9158535,25,"ApBp",3.887,0.5,0.7,-5.25,1,9,14.25,"0",95
9158535,26,"ApBp",2.556,0.5,0.7,5.25,1,9,3.75,"0",25
9158535,27,"ApBp",4.307,0.5,0.7,-1.5,1,9,10.5,"1",70
9158535,28,"ApBp",2.683,0.5,0.7,6,1,9,3,"1",20
9158535,29,"ApBp",2.538,0.5,0.7,-0.75,1,9,9.75,"0",65
9158535,30,"ApBp",2.832,0.5,0.7,-2.25,1,9,11.25,"1",75
9158535,31,"ApBp",1.98,0.5,0.7,-3,1,9,12,"0",80
9158535,32,"ApBp",1.128,0.5,0.7,3,1,9,6,"1",40
9158535,33,"ApBp",1.331,0.5,0.7,7.5,1,9,1.5,"1",10
9158535,34,"ApBp",1.04,0.5,0.7,6.75,1,9,2.25,"1",15
9158535,35,"ApBp",1.745,0.5,0.7,4.5,1,9,4.5,"0",30
9158535,36,"ApBp",3.026,0.5,0.7,-3.75,1,9,12.75,"0",85
9158535,37,"ApBp",1.884,0.5,0.7,0.75,1,9,8.25,"0",55
9158535,38,"ApBp",1.97,0.5,0.7,0,1,9,9,"0",60
9158535,39,"ApBp",4.412,0.5,0.7,3.75,1,9,5.25,"1",35
9158535,40,"ApBp",3.23,0.5,0.7,-6,1,9,15,"1",100
9158418,1,"AB",3.042,0.5,0.7,1.35,0,30,28.65,"1",85
9158418,2,"AB",5.072,0.5,0.7,4.05,0,30,25.95,"1",55
9158418,3,"AB",4.533,0.5,0.7,8.55,0,30,21.45,"1",5
9158418,4,"AB",4.134,0.5,0.7,0.899999999999999,0,30,29.1,"0",90
9158418,5,"AB",1.257,0.5,0.7,1.8,0,30,28.2,"1",80
9158418,6,"AB",3.837,0.5,0.7,4.95,1,30,25.05,"0",45
9158418,7,"AB",3.46899999999999,0.5,0.7,8.1,1,30,21.9,"0",10
9158418,8,"AB",2.503,0.5,0.7,2.25,0,30,27.75,"0",75
9158418,9,"AB",2.288,0.5,0.7,0.450000000000003,0,30,29.55,"1",95
9158418,10,"AB",4.912,0.5,0.7,3.15,0,30,26.85,"1",65
9158418,11,"AB",2.003,0.5,0.7,6.75,1,30,23.25,"0",25
9158418,12,"AB",3.995,0.5,0.7,3.6,0,30,26.4,"0",60
9158418,13,"AB",2.01400000000001,0.5,0.7,7.65,1,30,22.35,"0",15
9158418,14,"AB",1.95100000000001,0.5,0.7,2.7,0,30,27.3,"0",70
9158418,15,"AB",2.19500000000003,0.5,0.7,5.85,1,30,24.15,"1",35
9158418,16,"AB",6.036,0.5,0.7,4.5,1,30,25.5,"0",50
9158418,17,"AB",1.462,0.5,0.7,5.4,1,30,24.6,"0",40
9158418,18,"AB",1.119,0.5,0.7,6.3,1,30,23.7,"0",30
9158418,19,"AB",1.66,0.5,0.7,7.2,1,30,22.8,"1",20
9158418,20,"AB",2.764,0.5,0.7,0,0,30,30,"0",100
9158418,21,"ApBp",6.515,0.5,0.7,0.450000000000001,0,9,8.55,"1",95
9158418,22,"ApBp",4.15399999999997,0.5,0.7,4.95,1,9,4.05,"0",45
9158418,23,"ApBp",2.275,0.5,0.7,8.1,1,9,0.9,"1",10
9158418,24,"ApBp",5.542,0.5,0.7,4.05,0,9,4.95,"0",55
9158418,25,"ApBp",2.951,0.5,0.7,2.25,0,9,6.75,"0",75
9158418,26,"ApBp",1.57999999999997,0.5,0.7,8.55,1,9,0.45,"0",5
9158418,27,"ApBp",4.809,0.5,0.7,3.6,1,9,5.4,"1",60
9158418,28,"ApBp",2.714,0.5,0.7,1.35,0,9,7.65,"1",85
9158418,29,"ApBp",1.25300000000003,0.5,0.7,6.75,1,9,2.25,"1",25
9158418,30,"ApBp",1.63300000000003,0.5,0.7,1.8,0,9,7.2,"0",80
9158418,31,"ApBp",3.04400000000003,0.5,0.7,7.2,1,9,1.8,"0",20
9158418,32,"ApBp",2.09100000000003,0.5,0.7,7.65,1,9,1.35,"1",15
9158418,33,"ApBp",1.582,0.5,0.7,0.9,0,9,8.1,"1",90
9158418,34,"ApBp",1.361,0.5,0.7,6.3,1,9,2.7,"0",30
9158418,35,"ApBp",1.97700000000003,0.5,0.7,4.5,1,9,4.5,"0",50
9158418,36,"ApBp",1.42,0.5,0.7,2.7,0,9,6.3,"0",70
9158418,37,"ApBp",1.27199999999997,0.5,0.7,5.4,1,9,3.6,"1",40
9158418,38,"ApBp",1.3,0.5,0.7,3.15,0,9,5.85,"0",65
9158418,39,"ApBp",1.642,0.5,0.7,0,0,9,9,"1",100
9158418,40,"ApBp",1.42599999999997,0.5,0.7,5.85,1,9,3.15,"1",35
9158415,1,"AB",3.77179999995232,0.5,0.7,19.25,1,30,10.75,"0",5
9158415,2,"AB",2.85630000001192,0.5,0.7,8.75,0,30,21.25,"0",35
9158415,3,"AB",1.61889999997616,0.5,0.7,-3.5,0,30,33.5,"1",70
9158415,4,"AB",1.02490000003576,0.5,0.7,-5.25,0,30,35.25,"0",75
9158415,5,"AB",1.60430000001192,0.5,0.7,-10.5,0,30,40.5,"0",90
9158415,6,"AB",1.18440000003576,0.5,0.7,-12.25,0,30,42.25,"0",95
9158415,7,"AB",1.27290000003576,0.5,0.7,3.5,0,30,26.5,"0",50
9158415,8,"AB",2.21579999995232,0.5,0.7,17.5,1,30,12.5,"1",10
9158415,9,"AB",1.58130000001192,0.5,0.7,-8.75,0,30,38.75,"1",85
9158415,10,"AB",1.87889999997616,0.5,0.7,14,1,30,16,"0",20
9158415,11,"AB",1.50019999998808,0.5,0.7,12.25,1,30,17.75,"0",25
9158415,12,"AB",1.52979999995232,0.5,0.7,0,0,30,30,"0",60
9158415,13,"AB",1.9275,0.5,0.7,15.75,1,30,14.25,"0",15
9158415,14,"AB",1.38520000004768,0.5,0.7,1.75,0,30,28.25,"0",55
9158415,15,"AB",2.38830000001192,0.5,0.7,10.5,1,30,19.5,"0",30
9158415,16,"AB",1.21169999998808,0.5,0.7,-7,0,30,37,"1",80
9158415,17,"AB",1.14740000003576,0.5,0.7,5.25,0,30,24.75,"0",45
9158415,18,"AB",0.933,0.5,0.7,7,0,30,23,"0",40
9158415,19,"AB",0.879399999976158,0.5,0.7,-14,0,30,44,"0",100
9158415,20,"AB",0.861799999952316,0.5,0.7,-1.75,0,30,31.75,"0",65
9158415,21,"ApBp",2.51410000002384,0.5,0.7,-10.5,0,21,31.5,"1",90
9158415,22,"ApBp",1.2895,0.5,0.7,19.25,1,21,1.75,"0",5
9158415,23,"ApBp",1.12509999996424,0.5,0.7,15.75,1,21,5.25,"1",15
9158415,24,"ApBp",1.547,0.5,0.7,-14,0,21,35,"0",100
9158415,25,"ApBp",1.10979999995232,0.5,0.7,-3.5,0,21,24.5,"1",70
9158415,26,"ApBp",1.1345,0.5,0.7,8.75,0,21,12.25,"0",35
9158415,27,"ApBp",1.02010000002384,0.5,0.7,12.25,1,21,8.75,"1",25
9158415,28,"ApBp",0.985599999964237,0.5,0.7,14,1,21,7,"1",20
9158415,29,"ApBp",0.895200000047684,0.5,0.7,-8.75,0,21,29.75,"1",85
9158415,30,"ApBp",1.35310000002384,0.5,0.7,10.5,0,21,10.5,"0",30
9158415,31,"ApBp",1.28969999998808,0.5,0.7,1.75,0,21,19.25,"0",55
9158415,32,"ApBp",1.009,0.5,0.7,0,0,21,21,"1",60
9158415,33,"ApBp",0.903099999964237,0.5,0.7,5.25,0,21,15.75,"1",45
9158415,34,"ApBp",0.8805,0.5,0.7,-1.75,0,21,22.75,"0",65
9158415,35,"ApBp",0.934399999976158,0.5,0.7,-12.25,0,21,33.25,"0",95
9158415,36,"ApBp",1.3305,0.5,0.7,17.5,1,21,3.5,"1",10
9158415,37,"ApBp",1.09160000002384,0.5,0.7,7,0,21,14,"0",40
9158415,38,"ApBp",0.962300000011921,0.5,0.7,-5.25,0,21,26.25,"1",75
9158415,39,"ApBp",1.02180000001192,0.5,0.7,3.5,0,21,17.5,"1",50
9158415,40,"ApBp",0.849199999988079,0.5,0.7,-7,0,21,28,"1",80
9157213,1,"AB",2.11429999998212,0.5,0.7,0,1,30,30,"0",60
9157213,2,"AB",1.8925,0.5,0.7,7.5,1,30,22.5,"1",10
9157213,3,"AB",1.70619999998808,0.5,0.7,-3.75,1,30,33.75,"1",85
9157213,4,"AB",4.181,0.5,0.7,3.75,1,30,26.25,"1",35
9157213,5,"AB",2.72969999998808,0.5,0.7,-0.75,1,30,30.75,"0",65
9157213,6,"AB",5.57559999999404,0.5,0.7,-5.25,0,30,35.25,"1",95
9157213,7,"AB",2.69430000001192,0.5,0.7,-1.5,1,30,31.5,"1",70
9157213,8,"AB",2.95130000001192,0.5,0.7,3,1,30,27,"1",40
9157213,9,"AB",3.46709999999404,0.5,0.7,1.5,1,30,28.5,"0",50
9157213,10,"AB",2.49630000001192,0.5,0.7,5.25,1,30,24.75,"1",25
9157213,11,"AB",2.558,0.5,0.7,8.25,1,30,21.75,"0",5
9157213,12,"AB",2.10409999999404,0.5,0.7,6,1,30,24,"1",20
9157213,13,"AB",3.41609999999404,0.5,0.7,-2.25,0,30,32.25,"0",75
9157213,14,"AB",3.03120000001788,0.5,0.7,-3,0,30,33,"1",80
9157213,15,"AB",1.9925,0.5,0.7,-4.5,0,30,34.5,"0",90
9157213,16,"AB",2.10070000001788,0.5,0.7,-6,0,30,36,"0",100
9157213,17,"AB",1.82610000002384,0.5,0.7,4.5,0,30,25.5,"1",30
9157213,18,"AB",5.10430000001192,0.5,0.7,2.25,1,30,27.75,"0",45
9157213,19,"AB",1.77990000000596,0.5,0.7,6.75,1,30,23.25,"0",15
9157213,20,"AB",2.47469999998808,0.5,0.7,0.75,1,30,29.25,"0",55
9157213,21,"ApBp",4.35860000002384,0.5,0.7,-4.5,1,9,13.5,"1",90
9157213,22,"ApBp",6.34780000001192,0.5,0.7,0,1,9,9,"0",60
9157213,23,"ApBp",2.01259999999404,0.5,0.7,-5.25,1,9,14.25,"0",95
9157213,24,"ApBp",1.5445,0.5,0.7,4.5,1,9,4.5,"0",30
9157213,25,"ApBp",5.24720000001788,0.5,0.7,-3.75,1,9,12.75,"0",85
9157213,26,"ApBp",2.42389999997616,0.5,0.7,7.5,1,9,1.5,"1",10
9157213,27,"ApBp",1.46509999999404,0.5,0.7,3.75,1,9,5.25,"1",35
9157213,28,"ApBp",1.87490000000596,0.5,0.7,0.75,1,9,8.25,"0",55
9157213,29,"ApBp",1.68140000000596,0.5,0.7,-0.75,1,9,9.75,"0",65
9157213,30,"ApBp",2.8555,0.5,0.7,6,1,9,3,"1",20
9157213,31,"ApBp",1.70459999999404,0.5,0.7,-3,1,9,12,"0",80
9157213,32,"ApBp",1.84859999999404,0.5,0.7,5.25,1,9,3.75,"0",25
9157213,33,"ApBp",2.375,0.5,0.7,-6,1,9,15,"1",100
9157213,34,"ApBp",4.36469999998808,0.5,0.7,6.75,1,9,2.25,"1",15
9157213,35,"ApBp",1.838,0.5,0.7,2.25,1,9,6.75,"0",45
9157213,36,"ApBp",1.73420000001788,0.5,0.7,-2.25,1,9,11.25,"1",75
9157213,37,"ApBp",2.3745,0.5,0.7,3,1,9,6,"1",40
9157213,38,"ApBp",1.16839999997616,0.5,0.7,8.25,1,9,0.75,"0",5
9157213,39,"ApBp",1.04829999998212,0.5,0.7,1.5,1,9,7.5,"0",50
9157213,40,"ApBp",1.28770000001788,0.5,0.7,-1.5,1,9,10.5,"1",70
9157201,1,"AB",5.043,0.5,0.7,7.95,1,30,22.05,"0",5
9157201,3,"AB",8.111,0.5,0.7,-2.55,1,30,32.55,"1",55
9157201,5,"AB",9.798,0.5,0.7,-7.8,0,30,37.8,"0",80
9157201,6,"AB",5.305,0.5,0.7,-12,0,30,42,"0",100
9157201,7,"AB",5.766,0.5,0.7,1.65,0,30,28.35,"0",35
9157201,8,"AB",3.471,0.5,0.7,0.600000000000001,0,30,29.4,"1",40
9157201,9,"AB",3.18700000000001,0.5,0.7,-5.7,0,30,35.7,"0",70
9157201,10,"AB",4.08999999999999,0.5,0.7,2.7,0,30,27.3,"1",30
9157201,11,"AB",3.279,0.5,0.7,6.9,1,30,23.1,"1",10
9157201,12,"AB",2.677,0.5,0.7,-10.95,0,30,40.95,"1",95
9157201,13,"AB",2.083,0.5,0.7,3.75,1,30,26.25,"0",25
9157201,14,"AB",3.192,0.5,0.7,-4.65,0,30,34.65,"1",65
9157201,15,"AB",2.089,0.5,0.7,-9.9,0,30,39.9,"1",90
9157201,16,"AB",1.15200000000003,0.5,0.7,-8.84999999999999,0,30,38.85,"1",85
9157201,17,"AB",2.044,0.5,0.7,5.85,1,30,24.15,"1",15
9157201,18,"AB",1.41500000000003,0.5,0.7,-3.6,0,30,33.6,"1",60
9157201,19,"AB",2.121,0.5,0.7,-0.449999999999999,0,30,30.45,"0",45
9157201,20,"AB",1.74699999999997,0.5,0.7,-1.5,0,30,31.5,"1",50
9157201,22,"ApBp",11.593,0.5,0.7,5.85,1,9,3.15,"0",15
9157201,23,"ApBp",5.75499999999997,0.5,0.7,6.9,1,9,2.1,"1",10
9157201,24,"ApBp",3.822,0.5,0.7,-6.75,0,9,15.75,"0",75
9157201,25,"ApBp",5.23700000000003,0.5,0.7,-7.8,0,9,16.8,"1",80
9157201,26,"ApBp",3.874,0.5,0.7,-5.7,0,9,14.7,"1",70
9157201,27,"ApBp",3.323,0.5,0.7,-2.55,0,9,11.55,"0",55
9157201,28,"ApBp",4.485,0.5,0.7,7.95,1,9,1.05,"0",5
9157201,29,"ApBp",3.846,0.5,0.7,-10.95,0,9,19.95,"1",95
9157201,30,"ApBp",3.50999999999997,0.5,0.7,-0.449999999999999,0,9,9.45,"0",45
9157201,31,"ApBp",2.348,0.5,0.7,-12,0,9,21,"1",100
9157201,32,"ApBp",2.412,0.5,0.7,-9.9,0,9,18.9,"0",90
9157201,33,"ApBp",1.3,0.5,0.7,-4.65,0,9,13.65,"0",65
9157201,34,"ApBp",3.977,0.5,0.7,4.8,1,9,4.2,"0",20
9157201,35,"ApBp",5.29200000000003,0.5,0.7,1.65,1,9,7.35,"0",35
9157201,36,"ApBp",2.012,0.5,0.7,-1.5,0,9,10.5,"0",50
9157201,37,"ApBp",1.746,0.5,0.7,-3.6,0,9,12.6,"1",60
9157201,38,"ApBp",2.172,0.5,0.7,2.7,1,9,6.3,"0",30
9157201,39,"ApBp",2.84400000000006,0.5,0.7,0.6,0,9,8.4,"0",40
9157201,40,"ApBp",4.342,0.5,0.7,3.75,1,9,5.25,"0",25
9157175,1,"AB",6.138,0.5,0.7,2.25,1,30,27.75,"1",75
9157175,2,"AB",5.56099999999999,0.5,0.7,3.6,1,30,26.4,"1",60
9157175,3,"AB",6.158,0.5,0.7,8.55,1,30,21.45,"0",5
9157175,4,"AB",6.205,0.5,0.7,4.95,1,30,25.05,"0",45
9157175,5,"AB",4.60399999999997,0.5,0.7,1.35,0,30,28.65,"1",85
9157175,6,"AB",7.209,0.5,0.7,4.05,1,30,25.95,"0",55
9157175,7,"AB",5.167,0.5,0.7,7.2,1,30,22.8,"1",20
9157175,8,"AB",7.589,0.5,0.7,3.15,1,30,26.85,"0",65
9157175,9,"AB",6.449,0.5,0.7,0.899999999999999,1,30,29.1,"1",90
9157175,10,"AB",4.079,0.5,0.7,5.4,1,30,24.6,"0",40
9157175,11,"AB",5.37200000000003,0.5,0.7,8.1,1,30,21.9,"0",10
9157175,12,"AB",2.761,0.5,0.7,0.450000000000003,0,30,29.55,"1",95
9157175,13,"AB",4.068,0.5,0.7,6.3,1,30,23.7,"0",30
9157175,14,"AB",3.436,0.5,0.7,5.85,1,30,24.15,"1",35
9157175,15,"AB",2.83,0.5,0.7,1.8,0,30,28.2,"1",80
9157175,16,"AB",3.881,0.5,0.7,2.7,0,30,27.3,"0",70
9157175,17,"AB",2.45599999999997,0.5,0.7,0,0,30,30,"0",100
9157175,18,"AB",2.25,0.5,0.7,6.75,1,30,23.25,"0",25
9157175,19,"AB",3.70699999999997,0.5,0.7,7.65,1,30,22.35,"0",15
9157175,20,"AB",3.06399999999997,0.5,0.7,4.5,1,30,25.5,"0",50
9157175,21,"ApBp",8.031,0.5,0.7,6.3,1,9,2.7,"0",30
9157175,22,"ApBp",6.981,0.5,0.7,4.95,1,9,4.05,"0",45
9157175,23,"ApBp",3.74900000000003,0.5,0.7,8.55,1,9,0.45,"0",5
9157175,24,"ApBp",8.647,0.5,0.7,1.8,1,9,7.2,"1",80
9157175,25,"ApBp",3.421,0.5,0.7,8.1,1,9,0.9,"1",10
9157175,26,"ApBp",3.753,0.5,0.7,5.85,1,9,3.15,"1",35
9157175,27,"ApBp",3.80399999999994,0.5,0.7,2.25,1,9,6.75,"1",75
9157175,28,"ApBp",1.63599999999994,0.5,0.7,4.05,1,9,4.95,"1",55
9157175,29,"ApBp",4.404,0.5,0.7,4.5,1,9,4.5,"0",50
9157175,30,"ApBp",6.716,0.5,0.7,2.7,1,9,6.3,"1",70
9157175,31,"ApBp",2.847,0.5,0.7,1.35,0,9,7.65,"1",85
9157175,32,"ApBp",1.814,0.5,0.7,0.450000000000001,0,9,8.55,"1",95
9157175,33,"ApBp",2.984,0.5,0.7,7.2,1,9,1.8,"0",20
9157175,34,"ApBp",3.762,0.5,0.7,0.9,0,9,8.1,"1",90
9157175,35,"ApBp",7.79699999999994,0.5,0.7,6.75,1,9,2.25,"1",25
9157175,36,"ApBp",3.59099999999994,0.5,0.7,5.4,1,9,3.6,"1",40
9157175,37,"ApBp",3.429,0.5,0.7,0,0,9,9,"1",100
9157175,38,"ApBp",1.882,0.5,0.7,3.15,1,9,5.85,"1",65
9157175,39,"ApBp",2.057,0.5,0.7,3.6,1,9,5.4,"1",60
9157175,40,"ApBp",1.639,0.5,0.7,7.65,1,9,1.35,"1",15
9157161,1,"AB",8.452,0.5,0.7,0,0,30,30,"0",100
9157161,2,"AB",4.769,0.5,0.7,9.45,0,30,20.55,"0",55
9157161,3,"AB",6.80999999999997,0.5,0.7,19.95,1,30,10.05,"1",5
9157161,4,"AB",4.345,0.5,0.7,12.6,0,30,17.4,"0",40
9157161,5,"AB",7.265,0.5,0.7,6.3,0,30,23.7,"0",70
9157161,6,"AB",9.157,0.5,0.7,8.4,0,30,21.6,"1",60
9157161,7,"AB",3.778,0.5,0.7,13.65,1,30,16.35,"1",35
9157161,8,"AB",4.541,0.5,0.7,15.75,1,30,14.25,"0",25
9157161,9,"AB",5.43,0.5,0.7,5.25,0,30,24.75,"1",75
9157161,10,"AB",7.491,0.5,0.7,14.7,1,30,15.3,"0",30
9157161,11,"AB",4.244,0.5,0.7,4.2,0,30,25.8,"1",80
9157161,12,"AB",3.997,0.5,0.7,17.85,1,30,12.15,"1",15
9157161,13,"AB",2.72899999999997,0.5,0.7,16.8,1,30,13.2,"0",20
9157161,14,"AB",2.656,0.5,0.7,1.05,0,30,28.95,"1",95
9157161,15,"AB",3.098,0.5,0.7,7.35,0,30,22.65,"1",65
9157161,16,"AB",4.88,0.5,0.7,10.5,0,30,19.5,"0",50
9157161,17,"AB",5.13,0.5,0.7,11.55,1,30,18.45,"0",45
9157161,18,"AB",5.104,0.5,0.7,2.1,0,30,27.9,"1",90
9157161,19,"AB",2.118,0.5,0.7,3.15,0,30,26.85,"1",85
9157161,20,"AB",1.091,0.5,0.7,18.9,1,30,11.1,"0",10
9157161,22,"ApBp",10.321,0.5,0.7,7.35,1,21,13.65,"1",65
9157161,23,"ApBp",5.791,0.5,0.7,6.3,0,21,14.7,"1",70
9157161,24,"ApBp",10.11,0.5,0.7,1.05,0,21,19.95,"0",95
9157161,25,"ApBp",9.327,0.5,0.7,17.85,1,21,3.15,"1",15
9157161,26,"ApBp",5.915,0.5,0.7,9.45,1,21,11.55,"0",55
9157161,27,"ApBp",8.4,0.5,0.7,11.55,1,21,9.45,"0",45
9157161,28,"ApBp",2.911,0.5,0.7,2.1,0,21,18.9,"1",90
9157161,29,"ApBp",4.089,0.5,0.7,15.75,1,21,5.25,"1",25
9157161,30,"ApBp",3.881,0.5,0.7,13.65,1,21,7.35,"0",35
9157161,31,"ApBp",10.137,0.5,0.7,8.4,1,21,12.6,"1",60
9157161,32,"ApBp",4.07400000000006,0.5,0.7,16.8,1,21,4.2,"1",20
9157161,33,"ApBp",2.764,0.5,0.7,4.2,0,21,16.8,"0",80
9157161,34,"ApBp",3.001,0.5,0.7,12.6,1,21,8.4,"0",40
9157161,35,"ApBp",1.989,0.5,0.7,5.25,0,21,15.75,"1",75
9157161,36,"ApBp",1.766,0.5,0.7,19.95,1,21,1.05,"1",5
9157161,37,"ApBp",2.269,0.5,0.7,3.15,0,21,17.85,"1",85
9157161,38,"ApBp",2.476,0.5,0.7,14.7,1,21,6.3,"1",30
9157161,39,"ApBp",1.824,0.5,0.7,0,0,21,21,"1",100
9157161,40,"ApBp",6.22,0.5,0.7,10.5,1,21,10.5,"1",50
9157156,1,"AB",9.58220000004768,0.5,0.7,-20.65,0,30,50.65,"1",85
9157156,2,"AB",5.19789999997616,0.5,0.7,-28,0,30,58,"0",100
9157156,3,"AB",8.09879999995232,0.5,0.7,18.55,1,30,11.45,"1",5
9157156,7,"AB",8.38580000007152,0.5,0.7,-8.4,0,30,38.4,"1",60
9157156,8,"AB",7.46430000007153,0.5,0.7,-5.95,0,30,35.95,"1",55
9157156,9,"AB",5.49579999995232,0.5,0.7,-15.75,0,30,45.75,"0",75
9157156,10,"AB",6.774,0.5,0.7,13.65,1,30,16.35,"1",15
9157156,11,"AB",7.77710000002384,0.5,0.7,11.2,1,30,18.8,"1",20
9157156,12,"AB",6.88440000009537,0.5,0.7,8.75,1,30,21.25,"0",25
9157156,13,"AB",8.43729999995232,0.5,0.7,-3.5,1,30,33.5,"1",50
9157156,14,"AB",10.9112999999523,0.5,0.7,3.85,1,30,26.15,"1",35
9157156,15,"AB",4.003,0.5,0.7,-13.3,0,30,43.3,"1",70
9157156,16,"AB",4.71769999992847,0.5,0.7,-23.1,0,30,53.1,"0",90
9157156,17,"AB",4.76460000002384,0.5,0.7,-25.55,0,30,55.55,"0",95
9157156,18,"AB",4.976,0.5,0.7,-18.2,0,30,48.2,"1",80
9157156,19,"AB",7.79860000002384,0.5,0.7,-1.05,1,30,31.05,"0",45
9157156,20,"AB",8.0525,0.5,0.7,6.3,1,30,23.7,"1",30
9157156,22,"ApBp",8.93370000004768,0.5,0.7,-23.1,0,21,44.1,"1",90
9157156,23,"ApBp",6.92139999997616,0.5,0.7,6.3,1,21,14.7,"1",30
9157156,24,"ApBp",8.56419999992847,0.5,0.7,13.65,1,21,7.35,"1",15
9157156,28,"ApBp",8.07260000002384,0.5,0.7,-28,0,21,49,"0",100
9157156,30,"ApBp",6.84080000007153,0.5,0.7,-18.2,0,21,39.2,"1",80
9157156,31,"ApBp",7.05940000009537,0.5,0.7,-8.4,0,21,29.4,"1",60
9157156,32,"ApBp",7.72839999997616,0.5,0.7,-1.05,1,21,22.05,"0",45
9157156,34,"ApBp",12.0281000000238,0.5,0.7,-10.85,0,21,31.85,"0",65
9157156,35,"ApBp",6.5395,0.5,0.7,11.2,1,21,9.8,"1",20
9157156,36,"ApBp",9.6845,0.5,0.7,-13.3,0,21,34.3,"0",70
9157156,39,"ApBp",7.17160000002384,0.5,0.7,18.55,1,21,2.45,"1",5
9157156,40,"ApBp",8.11010000002384,0.5,0.7,16.1,1,21,4.9,"1",10
9157153,1,"AB",5.711,0.5,0.7,15.75,1,30,14.25,"0",15
9157153,2,"AB",8.119,0.5,0.7,-7,0,30,37,"1",80
9157153,3,"AB",6.96199999999997,0.5,0.7,7,1,30,23,"1",40
9157153,4,"AB",7.882,0.5,0.7,-5.25,0,30,35.25,"0",75
9157153,5,"AB",6.22,0.5,0.7,14,1,30,16,"0",20
9157153,6,"AB",9.17000000000003,0.5,0.7,1.75,1,30,28.25,"1",55
9157153,7,"AB",5.821,0.5,0.7,5.25,1,30,24.75,"1",45
9157153,8,"AB",9.661,0.5,0.7,12.25,1,30,17.75,"0",25
9157153,9,"AB",5.02,0.5,0.7,-8.75,0,30,38.75,"1",85
9157153,10,"AB",3.92100000000003,0.5,0.7,10.5,1,30,19.5,"0",30
9157153,11,"AB",2.82300000000003,0.5,0.7,-10.5,0,30,40.5,"0",90
9157153,12,"AB",3.409,0.5,0.7,3.5,1,30,26.5,"1",50
9157153,13,"AB",1.537,0.5,0.7,-12.25,0,30,42.25,"0",95
9157153,14,"AB",2.23700000000003,0.5,0.7,8.75,1,30,21.25,"1",35
9157153,15,"AB",2.07699999999997,0.5,0.7,19.25,1,30,10.75,"0",5
9157153,16,"AB",4.634,0.5,0.7,0,0,30,30,"0",60
9157153,17,"AB",1.65899999999997,0.5,0.7,-3.5,0,30,33.5,"1",70
9157153,18,"AB",2.325,0.5,0.7,17.5,1,30,12.5,"1",10
9157153,19,"AB",2.153,0.5,0.7,-1.75,0,30,31.75,"0",65
9157153,20,"AB",2.01800000000003,0.5,0.7,-14,0,30,44,"0",100
9157153,21,"ApBp",6.279,0.5,0.7,3.5,1,21,17.5,"0",50
9157153,22,"ApBp",4.128,0.5,0.7,-14,0,21,35,"0",100
9157153,23,"ApBp",4.68600000000003,0.5,0.7,12.25,1,21,8.75,"1",25
9157153,24,"ApBp",4.571,0.5,0.7,-1.75,0,21,22.75,"0",65
9157153,25,"ApBp",1.68499999999994,0.5,0.7,7,1,21,14,"1",40
9157153,26,"ApBp",8.455,0.5,0.7,-10.5,0,21,31.5,"1",90
9157153,27,"ApBp",5.242,0.5,0.7,14,1,21,7,"1",20
9157153,28,"ApBp",5.165,0.5,0.7,8.75,1,21,12.25,"1",35
9157153,29,"ApBp",4.374,0.5,0.7,5.25,1,21,15.75,"0",45
9157153,31,"ApBp",2.918,0.5,0.7,-12.25,0,21,33.25,"0",95
9157153,32,"ApBp",5.058,0.5,0.7,-7,0,21,28,"1",80
9157153,33,"ApBp",2.55399999999994,0.5,0.7,10.5,1,21,10.5,"1",30
9157153,34,"ApBp",5.58,0.5,0.7,0,0,21,21,"1",60
9157153,35,"ApBp",2.574,0.5,0.7,17.5,1,21,3.5,"1",10
9157153,36,"ApBp",2.682,0.5,0.7,19.25,1,21,1.75,"0",5
9157153,37,"ApBp",3.352,0.5,0.7,15.75,1,21,5.25,"1",15
9157153,38,"ApBp",3.173,0.5,0.7,-8.75,0,21,29.75,"1",85
9157153,39,"ApBp",4.14,0.5,0.7,-3.5,0,21,24.5,"1",70
9157153,40,"ApBp",6.01100000000006,0.5,0.7,-5.25,0,21,26.25,"1",75
9156769,1,"AB",4.47240000000224,0.5,0.7,-14,1,30,44,"1",100
9156769,2,"AB",5.33739999999851,0.5,0.7,1.75,1,30,28.25,"1",55
9156769,3,"AB",3.08010000000149,0.5,0.7,-10.5,0,30,40.5,"0",90
9156769,4,"AB",4.55240000000224,0.5,0.7,-8.75,0,30,38.75,"1",85
9156769,5,"AB",4.36839999999851,0.5,0.7,17.5,1,30,12.5,"1",10
9156769,6,"AB",3.14639999999851,0.5,0.7,14,1,30,16,"0",20
9156769,7,"AB",4.42519999999926,0.5,0.7,7,1,30,23,"1",40
9156769,8,"AB",5.4115,0.5,0.7,15.75,1,30,14.25,"0",15
9156769,9,"AB",5.64780000000075,0.5,0.7,5.25,0,30,24.75,"0",45
9156769,10,"AB",2.52909999999777,0.5,0.7,10.5,1,30,19.5,"0",30
9156769,11,"AB",1.55729999999702,0.5,0.7,0,0,30,30,"0",60
9156769,12,"AB",6.33539999999851,0.5,0.7,8.75,1,30,21.25,"1",35
9156769,13,"AB",1.516,0.5,0.7,-7,0,30,37,"1",80
9156769,14,"AB",2.53459999999776,0.5,0.7,-12.25,0,30,42.25,"0",95
9156769,15,"AB",4.15459999999776,0.5,0.7,19.25,1,30,10.75,"0",5
9156769,16,"AB",1.40510000000149,0.5,0.7,-1.75,0,30,31.75,"0",65
9156769,17,"AB",1.29160000000149,0.5,0.7,-3.5,0,30,33.5,"1",70
9156769,18,"AB",1.8535,0.5,0.7,12.25,1,30,17.75,"0",25
9156769,19,"AB",1.326,0.5,0.7,3.5,0,30,26.5,"0",50
9156769,20,"AB",1.09959999999776,0.5,0.7,-5.25,0,30,35.25,"0",75
9156769,21,"ApBp",7.43969999999926,0.5,0.7,0,1,21,21,"0",60
9156769,22,"ApBp",5.35330000000075,0.5,0.7,-8.75,0,21,29.75,"1",85
9156769,23,"ApBp",4.05790000000224,0.5,0.7,-7,1,21,28,"0",80
9156769,24,"ApBp",6.49880000000075,0.5,0.7,12.25,1,21,8.75,"1",25
9156769,25,"ApBp",5.85680000000074,0.5,0.7,-1.75,1,21,22.75,"1",65
9156769,26,"ApBp",7.82420000000298,0.5,0.7,-3.5,1,21,24.5,"0",70
9156769,27,"ApBp",3.02790000000224,0.5,0.7,10.5,1,21,10.5,"1",30
9156769,28,"ApBp",3.54389999999851,0.5,0.7,-14,0,21,35,"0",100
9156769,29,"ApBp",3.63619999999925,0.5,0.7,-10.5,0,21,31.5,"1",90
9156769,30,"ApBp",5.58539999999851,0.5,0.7,7,1,21,14,"1",40
9156769,31,"ApBp",1.61419999999925,0.5,0.7,-12.25,0,21,33.25,"0",95
9156769,32,"ApBp",4.68190000000224,0.5,0.7,5.25,1,21,15.75,"0",45
9156769,33,"ApBp",3.1195,0.5,0.7,14,1,21,7,"1",20
9156769,34,"ApBp",3.16569999999925,0.5,0.7,8.75,1,21,12.25,"1",35
9156769,35,"ApBp",5.1795,0.5,0.7,3.5,1,21,17.5,"0",50
9156769,36,"ApBp",2.576,0.5,0.7,1.75,0,21,19.25,"0",55
9156769,37,"ApBp",2.02570000000298,0.5,0.7,15.75,1,21,5.25,"1",15
9156769,38,"ApBp",1.61489999999851,0.5,0.7,17.5,1,21,3.5,"1",10
9156769,39,"ApBp",1.74979999999702,0.5,0.7,19.25,1,21,1.75,"0",5
9156769,40,"ApBp",1.40889999999851,0.5,0.7,-5.25,0,21,26.25,"1",75
9156742,5,"AB",3.96570000004768,0.5,0.7,1.5,1,30,28.5,"0",50
9156742,7,"AB",5.43379999995232,0.5,0.7,0.75,1,30,29.25,"0",55
9156742,8,"AB",7.19570000004768,0.5,0.7,-2.25,0,30,32.25,"0",75
9156742,9,"AB",2.9375,0.5,0.7,-3.75,0,30,33.75,"0",85
9156742,10,"AB",5.81040000009537,0.5,0.7,-1.5,0,30,31.5,"0",70
9156742,11,"AB",2.263,0.5,0.7,6.75,1,30,23.25,"0",15
9156742,12,"AB",3.01259999990463,0.5,0.7,3.75,1,30,26.25,"1",35
9156742,13,"AB",2.84529999995232,0.5,0.7,8.25,1,30,21.75,"0",5
9156742,14,"AB",5.80060000014305,0.5,0.7,5.25,1,30,24.75,"1",25
9156742,15,"AB",4.17479999995232,0.5,0.7,0,1,30,30,"0",60
9156742,16,"AB",1.93820000004768,0.5,0.7,4.5,1,30,25.5,"0",30
9156742,17,"AB",3.20309999990463,0.5,0.7,7.5,1,30,22.5,"1",10
9156742,18,"AB",2.3535,0.5,0.7,-0.75,1,30,30.75,"0",65
9156742,19,"AB",1.75810000014305,0.5,0.7,6,1,30,24,"1",20
9156742,20,"AB",1.94339999985695,0.5,0.7,-4.5,0,30,34.5,"0",90
9156742,21,"ApBp",10.5457999999523,0.5,0.7,-5.25,0,9,14.25,"1",95
9156742,24,"ApBp",5.2275,0.5,0.7,-4.5,0,9,13.5,"0",90
9156742,25,"ApBp",6.45079999995232,0.5,0.7,3.75,1,9,5.25,"1",35
9156742,26,"ApBp",6.17420000004768,0.5,0.7,6,1,9,3,"1",20
9156742,27,"ApBp",5.3435,0.5,0.7,7.5,1,9,1.5,"1",10
9156742,28,"ApBp",5.5585,0.5,0.7,5.25,1,9,3.75,"0",25
9156742,29,"ApBp",11.2044000000954,0.5,0.7,4.5,1,9,4.5,"0",30
9156742,30,"ApBp",10.6867000000477,0.5,0.7,0.75,1,9,8.25,"0",55
9156742,31,"ApBp",7.86879999995232,0.5,0.7,-3,0,9,12,"1",80
9156742,32,"ApBp",3.26280000019073,0.5,0.7,6.75,1,9,2.25,"1",15
9156742,33,"ApBp",3.973,0.5,0.7,-3.75,0,9,12.75,"1",85
9156742,34,"ApBp",4.45059999990463,0.5,0.7,2.25,1,9,6.75,"0",45
9156742,35,"ApBp",5.53390000009537,0.5,0.7,-2.25,0,9,11.25,"0",75
9156742,36,"ApBp",2.08339999985695,0.5,0.7,3,1,9,6,"1",40
9156742,37,"ApBp",2.87579999995232,0.5,0.7,-6,0,9,15,"0",100
9156742,38,"ApBp",4.55629999995232,0.5,0.7,1.5,1,9,7.5,"0",50
9156742,39,"ApBp",3.40340000009537,0.5,0.7,-0.75,0,9,9.75,"1",65
9156742,40,"ApBp",2.336,0.5,0.7,8.25,1,9,0.75,"0",5
9156718,2,"AB",6.201,0.5,0.7,7.65,1,30,22.35,"0",15
9156718,3,"AB",4.491,0.5,0.7,6.3,1,30,23.7,"0",30
9156718,4,"AB",3.91399999999999,0.5,0.7,3.15,0,30,26.85,"1",65
9156718,7,"AB",7.423,0.5,0.7,0.899999999999999,0,30,29.1,"0",90
9156718,8,"AB",3.918,0.5,0.7,0,0,30,30,"0",100
9156718,9,"AB",2.59699999999997,0.5,0.7,2.7,0,30,27.3,"0",70
9156718,10,"AB",2.137,0.5,0.7,5.85,1,30,24.15,"1",35
9156718,11,"AB",5.921,0.5,0.7,1.8,0,30,28.2,"1",80
9156718,12,"AB",2.27,0.5,0.7,1.35,0,30,28.65,"1",85
9156718,14,"AB",2.594,0.5,0.7,8.1,1,30,21.9,"0",10
9156718,15,"AB",1.433,0.5,0.7,5.4,1,30,24.6,"0",40
9156718,16,"AB",4.091,0.5,0.7,2.25,0,30,27.75,"0",75
9156718,17,"AB",2.174,0.5,0.7,4.95,1,30,25.05,"0",45
9156718,18,"AB",3.13,0.5,0.7,4.05,1,30,25.95,"0",55
9156718,19,"AB",1.154,0.5,0.7,7.2,1,30,22.8,"1",20
9156718,20,"AB",2.964,0.5,0.7,6.75,1,30,23.25,"0",25
9156718,21,"ApBp",6.46600000000003,0.5,0.7,2.25,1,9,6.75,"1",75
9156718,22,"ApBp",2.559,0.5,0.7,0.9,1,9,8.1,"0",90
9156718,23,"ApBp",4.11799999999994,0.5,0.7,3.6,1,9,5.4,"1",60
9156718,24,"ApBp",5.682,0.5,0.7,0.450000000000001,1,9,8.55,"0",95
9156718,25,"ApBp",4.274,0.5,0.7,5.85,1,9,3.15,"1",35
9156718,26,"ApBp",3.51300000000006,0.5,0.7,8.55,1,9,0.45,"0",5
9156718,27,"ApBp",2.343,0.5,0.7,6.3,1,9,2.7,"0",30
9156718,28,"ApBp",6.50300000000006,0.5,0.7,4.05,0,9,4.95,"0",55
9156718,29,"ApBp",9.23700000000006,0.5,0.7,7.2,1,9,1.8,"0",20
9156718,30,"ApBp",5.269,0.5,0.7,4.5,1,9,4.5,"0",50
9156718,31,"ApBp",1.551,0.5,0.7,8.1,1,9,0.9,"1",10
9156718,32,"ApBp",8.226,0.5,0.7,2.7,0,9,6.3,"0",70
9156718,33,"ApBp",1.441,0.5,0.7,1.8,0,9,7.2,"0",80
9156718,34,"ApBp",1.139,0.5,0.7,5.4,1,9,3.6,"1",40
9156718,35,"ApBp",3.83299999999994,0.5,0.7,6.75,1,9,2.25,"1",25
9156718,36,"ApBp",1.28,0.5,0.7,4.95,1,9,4.05,"0",45
9156718,37,"ApBp",2.232,0.5,0.7,0,0,9,9,"1",100
9156718,38,"ApBp",4.346,0.5,0.7,7.65,1,9,1.35,"1",15
9156718,39,"ApBp",5.173,0.5,0.7,3.15,0,9,5.85,"0",65
9156718,40,"ApBp",1.259,0.5,0.7,1.35,0,9,7.65,"1",85
9156713,1,"AB",4.385,0.5,0.7,3.75,1,30,26.25,"0",25
9156713,3,"AB",5.54340000000037,0.5,0.7,-7.8,0,30,37.8,"0",80
9156713,4,"AB",4.64629999999888,0.5,0.7,-8.84999999999999,0,30,38.85,"1",85
9156713,5,"AB",3.95219999999925,0.5,0.7,-5.7,0,30,35.7,"0",70
9156713,6,"AB",5.13520000000112,0.5,0.7,2.7,0,30,27.3,"1",30
9156713,7,"AB",4.92130000000074,0.5,0.7,5.85,0,30,24.15,"0",15
9156713,8,"AB",2.95190000000037,0.5,0.7,1.65,0,30,28.35,"0",35
9156713,9,"AB",1.86340000000037,0.5,0.7,-6.75,0,30,36.75,"1",75
9156713,10,"AB",4.17659999999963,0.5,0.7,-3.6,0,30,33.6,"1",60
9156713,11,"AB",5.517,0.5,0.7,-2.55,0,30,32.55,"0",55
9156713,12,"AB",1.87940000000037,0.5,0.7,6.9,1,30,23.1,"1",10
9156713,13,"AB",2.53729999999888,0.5,0.7,7.95,1,30,22.05,"0",5
9156713,14,"AB",3.08270000000112,0.5,0.7,-4.65,0,30,34.65,"1",65
9156713,15,"AB",1.64040000000037,0.5,0.7,0.600000000000001,1,30,29.4,"0",40
9156713,16,"AB",1.6835,0.5,0.7,-1.5,1,30,31.5,"0",50
9156713,17,"AB",1.71890000000037,0.5,0.7,-10.95,0,30,40.95,"1",95
9156713,18,"AB",1.2625,0.5,0.7,-0.449999999999999,1,30,30.45,"1",45
9156713,19,"AB",1.23180000000074,0.5,0.7,-9.9,0,30,39.9,"1",90
9156713,20,"AB",1.4135,0.5,0.7,4.8,1,30,25.2,"1",20
9156713,21,"ApBp",10.6613000000007,0.5,0.7,-5.7,1,9,14.7,"0",70
9156713,22,"ApBp",9.0025,0.5,0.7,4.8,1,9,4.2,"0",20
9156713,23,"ApBp",4.21790000000037,0.5,0.7,5.85,1,9,3.15,"0",15
9156713,24,"ApBp",3.16079999999888,0.5,0.7,7.95,1,9,1.05,"0",5
9156713,25,"ApBp",5.83929999999888,0.5,0.7,-4.65,0,9,13.65,"0",65
9156713,26,"ApBp",3.098,0.5,0.7,-3.6,0,9,12.6,"1",60
9156713,27,"ApBp",4.47309999999963,0.5,0.7,-0.449999999999999,1,9,9.45,"1",45
9156713,28,"ApBp",3.53209999999963,0.5,0.7,-6.75,0,9,15.75,"0",75
9156713,29,"ApBp",1.9195,0.5,0.7,-12,0,9,21,"1",100
9156713,30,"ApBp",1.88879999999888,0.5,0.7,-10.95,0,9,19.95,"1",95
9156713,31,"ApBp",2.84160000000149,0.5,0.7,0.6,1,9,8.4,"1",40
9156713,32,"ApBp",1.78420000000112,0.5,0.7,6.9,1,9,2.1,"1",10
9156713,33,"ApBp",1.11690000000037,0.5,0.7,-7.8,0,9,16.8,"1",80
9156713,34,"ApBp",3.0225,0.5,0.7,1.65,1,9,7.35,"0",35
9156713,35,"ApBp",0.834400000000373,0.5,0.7,-8.85,0,9,17.85,"0",85
9156713,36,"ApBp",0.984,0.5,0.7,-2.55,1,9,11.55,"1",55
9156713,37,"ApBp",2.20620000000112,0.5,0.7,3.75,1,9,5.25,"0",25
9156713,38,"ApBp",1.84619999999925,0.5,0.7,2.7,1,9,6.3,"0",30
9156713,39,"ApBp",1.596,0.5,0.7,-9.9,0,9,18.9,"0",90
9156713,40,"ApBp",1.93730000000074,0.5,0.7,-1.5,1,9,10.5,"1",50
9156707,1,"AB",5.01640000009537,0.5,0.7,3.15,0,30,26.85,"1",85
9156707,2,"AB",1.91370000004768,0.5,0.7,6.3,1,30,23.7,"1",70
9156707,3,"AB",1.37569999992847,0.5,0.7,2.1,1,30,27.9,"0",90
9156707,4,"AB",4.82929999995232,0.5,0.7,11.55,0,30,18.45,"1",45
9156707,5,"AB",3.824,0.5,0.7,12.6,0,30,17.4,"0",40
9156707,6,"AB",7.26569999992847,0.5,0.7,1.05,0,30,28.95,"1",95
9156707,7,"AB",2.81190000009537,0.5,0.7,18.9,1,30,11.1,"0",10
9156707,8,"AB",5.95779999995232,0.5,0.7,7.35,0,30,22.65,"1",65
9156707,9,"AB",1.76589999997616,0.5,0.7,17.85,1,30,12.15,"1",15
9156707,10,"AB",7.62279999995232,0.5,0.7,8.4,1,30,21.6,"0",60
9156707,11,"AB",6.44489999997616,0.5,0.7,19.95,1,30,10.05,"1",5
9156707,13,"AB",6.30760000002384,0.5,0.7,10.5,1,30,19.5,"1",50
9156707,14,"AB",3.82289999997616,0.5,0.7,13.65,1,30,16.35,"1",35
9156707,15,"AB",3.56489999997616,0.5,0.7,5.25,0,30,24.75,"1",75
9156707,16,"AB",8.56520000004768,0.5,0.7,15.75,0,30,14.25,"1",25
9156707,17,"AB",1.64489999997616,0.5,0.7,4.2,0,30,25.8,"1",80
9156707,18,"AB",3.51330000007153,0.5,0.7,16.8,1,30,13.2,"0",20
9156707,19,"AB",0.564600000023842,0.5,0.7,14.7,0,30,15.3,"1",30
9156707,20,"AB",4.64670000004768,0.5,0.7,0,0,30,30,"0",100
9156707,21,"ApBp",4.439,0.5,0.7,13.65,1,21,7.35,"0",35
9156707,22,"ApBp",1.19860000002384,0.5,0.7,17.85,1,21,3.15,"1",15
9156707,23,"ApBp",2.40139999997616,0.5,0.7,3.15,1,21,17.85,"0",85
9156707,24,"ApBp",1.61839999997616,0.5,0.7,18.9,1,21,2.1,"0",10
9156707,25,"ApBp",3.5465,0.5,0.7,4.2,1,21,16.8,"1",80
9156707,26,"ApBp",2.07789999997616,0.5,0.7,6.3,1,21,14.7,"0",70
9156707,27,"ApBp",2.08009999990463,0.5,0.7,16.8,1,21,4.2,"1",20
9156707,28,"ApBp",1.4465,0.5,0.7,5.25,1,21,15.75,"0",75
9156707,29,"ApBp",1.49110000002384,0.5,0.7,10.5,1,21,10.5,"1",50
9156707,30,"ApBp",1.06720000004768,0.5,0.7,7.35,1,21,13.65,"1",65
9156707,31,"ApBp",4.04460000002384,0.5,0.7,0,1,21,21,"0",100
9156707,32,"ApBp",4.27210000002384,0.5,0.7,8.4,1,21,12.6,"1",60
9156707,33,"ApBp",4.76989999997616,0.5,0.7,2.1,1,21,18.9,"0",90
9156707,34,"ApBp",2.13179999995232,0.5,0.7,15.75,0,21,5.25,"0",25
9156707,35,"ApBp",1.2775,0.5,0.7,14.7,1,21,6.3,"1",30
9156707,36,"ApBp",1.8015,0.5,0.7,11.55,1,21,9.45,"0",45
9156707,37,"ApBp",1.47460000002384,0.5,0.7,12.6,1,21,8.4,"0",40
9156707,38,"ApBp",0.907799999952316,0.5,0.7,19.95,1,21,1.05,"1",5
9156707,39,"ApBp",1.81610000002384,0.5,0.7,9.45,1,21,11.55,"0",55
9156707,40,"ApBp",1.75360000002384,0.5,0.7,1.05,0,21,19.95,"0",95
9156681,1,"AB",2.55539999997616,0.5,0.7,3,0,30,27,"0",40
9156681,2,"AB",3.35320000004768,0.5,0.7,4.5,0,30,25.5,"1",30
9156681,3,"AB",5.00369999992847,0.5,0.7,0.75,0,30,29.25,"1",55
9156681,4,"AB",6.539,0.5,0.7,-3.75,0,30,33.75,"0",85
9156681,5,"AB",4.88479999995232,0.5,0.7,8.25,1,30,21.75,"0",5
9156681,6,"AB",7.28640000009537,0.5,0.7,-1.5,0,30,31.5,"0",70
9156681,7,"AB",3.69260000002384,0.5,0.7,-4.5,0,30,34.5,"0",90
9156681,8,"AB",5.87810000002384,0.5,0.7,7.5,1,30,22.5,"1",10
9156681,9,"AB",6.65379999995232,0.5,0.7,1.5,0,30,28.5,"1",50
9156681,10,"AB",3.202,0.5,0.7,3.75,1,30,26.25,"1",35
9156681,11,"AB",4.15660000002384,0.5,0.7,-3,0,30,33,"1",80
9156681,12,"AB",3.64090000009537,0.5,0.7,-0.75,0,30,30.75,"1",65
9156681,13,"AB",2.464,0.5,0.7,-5.25,0,30,35.25,"1",95
9156681,14,"AB",3.4995,0.5,0.7,6.75,1,30,23.25,"0",15
9156681,15,"AB",3.44929999995232,0.5,0.7,5.25,1,30,24.75,"1",25
9156681,16,"AB",4.28980000007153,0.5,0.7,0,0,30,30,"1",60
9156681,17,"AB",6.02339999997616,0.5,0.7,-6,0,30,36,"0",100
9156681,18,"AB",6.5655,0.5,0.7,2.25,0,30,27.75,"1",45
9156681,19,"AB",2.51879999995232,0.5,0.7,6,1,30,24,"1",20
9156681,20,"AB",3.23479999995232,0.5,0.7,-2.25,0,30,32.25,"0",75
9156681,21,"ApBp",8.35560000002384,0.5,0.7,-6,1,9,15,"1",100
9156681,22,"ApBp",8.70989999997616,0.5,0.7,3.75,1,9,5.25,"1",35
9156681,23,"ApBp",3.99860000002384,0.5,0.7,2.25,1,9,6.75,"0",45
9156681,24,"ApBp",5.117,0.5,0.7,6,1,9,3,"1",20
9156681,25,"ApBp",5.81760000002384,0.5,0.7,-5.25,0,9,14.25,"1",95
9156681,26,"ApBp",3.851,0.5,0.7,5.25,1,9,3.75,"0",25
9156681,27,"ApBp",4.24860000002384,0.5,0.7,-2.25,0,9,11.25,"0",75
9156681,28,"ApBp",5.18380000007153,0.5,0.7,8.25,1,9,0.75,"0",5
9156681,29,"ApBp",3.24889999997616,0.5,0.7,3,1,9,6,"1",40
9156681,30,"ApBp",2.99120000004768,0.5,0.7,7.5,1,9,1.5,"1",10
9156681,31,"ApBp",4.3675,0.5,0.7,6.75,1,9,2.25,"1",15
9156681,32,"ApBp",6.76130000007153,0.5,0.7,0.75,0,9,8.25,"1",55
9156681,33,"ApBp",3.16320000004768,0.5,0.7,0,0,9,9,"1",60
9156681,34,"ApBp",3.25760000002384,0.5,0.7,-0.75,0,9,9.75,"1",65
9156681,35,"ApBp",1.68060000002384,0.5,0.7,-4.5,0,9,13.5,"0",90
9156681,36,"ApBp",2.5985,0.5,0.7,-3,0,9,12,"1",80
9156681,37,"ApBp",4.9505,0.5,0.7,4.5,1,9,4.5,"0",30
9156681,38,"ApBp",2.95660000002384,0.5,0.7,1.5,0,9,7.5,"1",50
9156681,39,"ApBp",1.23339999997616,0.5,0.7,-3.75,0,9,12.75,"1",85
9156681,40,"ApBp",2.63920000004768,0.5,0.7,-1.5,0,9,10.5,"0",70
9156669,2,"AB",8.232,0.5,0.7,-14,0,30,44,"0",100
9156669,3,"AB",7.573,0.5,0.7,15.75,1,30,14.25,"0",15
9156669,5,"AB",5.75699999999997,0.5,0.7,19.25,1,30,10.75,"0",5
9156669,6,"AB",10.48,0.5,0.7,-8.75,0,30,38.75,"1",85
9156669,7,"AB",8.81100000000006,0.5,0.7,-5.25,0,30,35.25,"0",75
9156669,8,"AB",3.151,0.5,0.7,-12.25,0,30,42.25,"0",95
9156669,9,"AB",4.079,0.5,0.7,12.25,1,30,17.75,"0",25
9156669,10,"AB",5.123,0.5,0.7,8.75,1,30,21.25,"1",35
9156669,11,"AB",8.734,0.5,0.7,7,1,30,23,"1",40
9156669,12,"AB",4.99600000000006,0.5,0.7,10.5,1,30,19.5,"0",30
9156669,13,"AB",2.73000000000006,0.5,0.7,-7,0,30,37,"1",80
9156669,14,"AB",3.108,0.5,0.7,-1.75,0,30,31.75,"0",65
9156669,15,"AB",2.704,0.5,0.7,0,0,30,30,"0",60
9156669,16,"AB",4.976,0.5,0.7,14,1,30,16,"0",20
9156669,17,"AB",1.804,0.5,0.7,-3.5,0,30,33.5,"1",70
9156669,18,"AB",4.177,0.5,0.7,3.5,0,30,26.5,"0",50
9156669,19,"AB",3.24100000000006,0.5,0.7,17.5,1,30,12.5,"1",10
9156669,20,"AB",6.314,0.5,0.7,5.25,1,30,24.75,"1",45
9156669,23,"ApBp",5.266,0.5,0.7,-1.75,1,21,22.75,"1",65
9156669,24,"ApBp",4.85,0.5,0.7,-14,0,21,35,"0",100
9156669,25,"ApBp",4.498,0.5,0.7,8.75,1,21,12.25,"1",35
9156669,26,"ApBp",2.217,0.5,0.7,15.75,1,21,5.25,"1",15
9156669,27,"ApBp",1.698,0.5,0.7,17.5,1,21,3.5,"1",10
9156669,28,"ApBp",5.022,0.5,0.7,-3.5,1,21,24.5,"0",70
9156669,29,"ApBp",5.004,0.5,0.7,-12.25,0,21,33.25,"0",95
9156669,30,"ApBp",3.72199999999994,0.5,0.7,3.5,1,21,17.5,"0",50
9156669,31,"ApBp",3.31400000000006,0.5,0.7,19.25,1,21,1.75,"0",5
9156669,32,"ApBp",10.748,0.5,0.7,-5.25,1,21,26.25,"0",75
9156669,33,"ApBp",7.772,0.5,0.7,-7,0,21,28,"1",80
9156669,34,"ApBp",2.93500000000006,0.5,0.7,10.5,1,21,10.5,"1",30
9156669,35,"ApBp",8.484,0.5,0.7,5.25,1,21,15.75,"0",45
9156669,36,"ApBp",1.783,0.5,0.7,14,1,21,7,"1",20
9156669,37,"ApBp",1.986,0.5,0.7,1.75,1,21,19.25,"1",55
9156669,38,"ApBp",1.274,0.5,0.7,12.25,1,21,8.75,"1",25
9156669,39,"ApBp",2.70099999999994,0.5,0.7,0,1,21,21,"0",60
9156669,40,"ApBp",1.91600000000006,0.5,0.7,-10.5,0,21,31.5,"1",90
9156665,1,"AB",8.467,0.5,0.7,-6.75,0,30,36.75,"1",75
9156665,2,"AB",8.371,0.5,0.7,3.75,0,30,26.25,"1",25
9156665,3,"AB",11.331,0.5,0.7,-10.95,0,30,40.95,"1",95
9156665,4,"AB",9.285,0.5,0.7,-8.84999999999999,0,30,38.85,"1",85
9156665,5,"AB",0.986000000000015,0.5,0.7,-2.55,0,30,32.55,"0",55
9156665,6,"AB",0.272,0.5,0.7,1.65,1,30,28.35,"1",35
9156665,7,"AB",0.171,0.5,0.7,-4.65,1,30,34.65,"0",65
9156665,8,"AB",4.46,0.5,0.7,2.7,1,30,27.3,"0",30
9156665,9,"AB",2.254,0.5,0.7,7.95,1,30,22.05,"0",5
9156665,10,"AB",1.033,0.5,0.7,0.600000000000001,1,30,29.4,"0",40
9156665,11,"AB",1.97000000000001,0.5,0.7,-0.449999999999999,1,30,30.45,"1",45
9156665,12,"AB",3.845,0.5,0.7,-3.6,0,30,33.6,"1",60
9156665,13,"AB",3.79,0.5,0.7,-7.8,0,30,37.8,"0",80
9156665,14,"AB",1.568,0.5,0.7,-1.5,0,30,31.5,"1",50
9156665,15,"AB",1.294,0.5,0.7,5.85,1,30,24.15,"1",15
9156665,16,"AB",1.062,0.5,0.7,6.9,1,30,23.1,"1",10
9156665,17,"AB",2.34,0.5,0.7,-5.7,0,30,35.7,"0",70
9156665,18,"AB",1.02000000000003,0.5,0.7,4.8,0,30,25.2,"0",20
9156665,19,"AB",0.905,0.5,0.7,-12,1,30,42,"1",100
9156665,20,"AB",3.393,0.5,0.7,-9.9,0,30,39.9,"1",90
9156665,21,"ApBp",5.312,0.5,0.7,4.8,1,9,4.2,"0",20
9156665,22,"ApBp",1.422,0.5,0.7,0.6,0,9,8.4,"0",40
9156665,23,"ApBp",2.62,0.5,0.7,-10.95,1,9,19.95,"0",95
9156665,24,"ApBp",1.74,0.5,0.7,-0.449999999999999,0,9,9.45,"0",45
9156665,25,"ApBp",1.31199999999997,0.5,0.7,-2.55,1,9,11.55,"1",55
9156665,26,"ApBp",0.0570000000000291,0.5,0.7,5.85,1,9,3.15,"0",15
9156665,27,"ApBp",2.03,0.5,0.7,6.9,1,9,2.1,"1",10
9156665,28,"ApBp",0.584,0.5,0.7,-8.85,1,9,17.85,"1",85
9156665,29,"ApBp",1.87799999999997,0.5,0.7,-3.6,1,9,12.6,"0",60
9156665,30,"ApBp",1.533,0.5,0.7,-5.7,1,9,14.7,"0",70
9156665,31,"ApBp",1.439,0.5,0.7,-1.5,0,9,10.5,"0",50
9156665,32,"ApBp",2.77900000000003,0.5,0.7,3.75,1,9,5.25,"0",25
9156665,33,"ApBp",1.19300000000003,0.5,0.7,1.65,0,9,7.35,"1",35
9156665,34,"ApBp",2.323,0.5,0.7,-12,0,9,21,"1",100
9156665,35,"ApBp",2.282,0.5,0.7,2.7,1,9,6.3,"0",30
9156665,36,"ApBp",2.25,0.5,0.7,7.95,1,9,1.05,"0",5
9156665,37,"ApBp",1.46200000000003,0.5,0.7,-6.75,0,9,15.75,"0",75
9156665,38,"ApBp",0.92,0.5,0.7,-7.8,0,9,16.8,"1",80
9156665,39,"ApBp",0.446999999999971,0.5,0.7,-9.9,0,9,18.9,"0",90
9156665,40,"ApBp",0.815,0.5,0.7,-4.65,0,9,13.65,"0",65
9156653,1,"AB",1.98989999997616,0.5,0.7,6.75,0,30,23.25,"1",25
9156653,2,"AB",1.64270000004768,0.5,0.7,6.3,0,30,23.7,"1",30
9156653,3,"AB",4.44240000009537,0.5,0.7,0,1,30,30,"1",100
9156653,4,"AB",1.49489999997616,0.5,0.7,4.5,1,30,25.5,"0",50
9156653,5,"AB",1.167,0.5,0.7,7.65,1,30,22.35,"0",15
9156653,6,"AB",0.826700000047684,0.5,0.7,0.899999999999999,1,30,29.1,"1",90
9156653,7,"AB",4.78810000002384,0.5,0.7,7.2,1,30,22.8,"1",20
9156653,8,"AB",3.68659999990463,0.5,0.7,1.35,1,30,28.65,"0",85
9156653,9,"AB",2.0535,0.5,0.7,3.15,1,30,26.85,"0",65
9156653,10,"AB",2.10769999992847,0.5,0.7,5.85,1,30,24.15,"1",35
9156653,11,"AB",1.63120000004768,0.5,0.7,4.05,1,30,25.95,"0",55
9156653,12,"AB",2.26789999997616,0.5,0.7,5.4,1,30,24.6,"0",40
9156653,13,"AB",3.22160000002384,0.5,0.7,8.55,1,30,21.45,"0",5
9156653,14,"AB",1.72330000007153,0.5,0.7,1.8,1,30,28.2,"0",80
9156653,15,"AB",2.52039999997616,0.5,0.7,2.25,1,30,27.75,"1",75
9156653,16,"AB",3.84370000004768,0.5,0.7,2.7,1,30,27.3,"1",70
9156653,17,"AB",1.72960000002384,0.5,0.7,4.95,1,30,25.05,"0",45
9156653,18,"AB",3.5385,0.5,0.7,0.450000000000003,0,30,29.55,"1",95
9156653,19,"AB",1.56129999995232,0.5,0.7,3.6,1,30,26.4,"1",60
9156653,20,"AB",2.23219999992847,0.5,0.7,8.1,1,30,21.9,"0",10
9156653,21,"ApBp",6.615,0.5,0.7,7.2,1,9,1.8,"0",20
9156653,22,"ApBp",2.51129999995232,0.5,0.7,6.75,1,9,2.25,"1",25
9156653,23,"ApBp",4.36879999995232,0.5,0.7,8.55,1,9,0.45,"0",5
9156653,24,"ApBp",7.0715,0.5,0.7,3.15,0,9,5.85,"0",65
9156653,25,"ApBp",1.39819999992847,0.5,0.7,0.450000000000001,0,9,8.55,"1",95
9156653,26,"ApBp",2.38719999992847,0.5,0.7,4.95,1,9,4.05,"0",45
9156653,27,"ApBp",5.0255,0.5,0.7,4.5,1,9,4.5,"0",50
9156653,28,"ApBp",1.66120000004768,0.5,0.7,2.25,0,9,6.75,"0",75
9156653,29,"ApBp",1.5325,0.5,0.7,1.8,0,9,7.2,"0",80
9156653,30,"ApBp",1.15170000004768,0.5,0.7,7.65,1,9,1.35,"1",15
9156653,31,"ApBp",2.9825,0.5,0.7,2.7,0,9,6.3,"0",70
9156653,32,"ApBp",5.83960000002384,0.5,0.7,8.1,1,9,0.9,"1",10
9156653,33,"ApBp",1.9205,0.5,0.7,5.4,1,9,3.6,"1",40
9156653,34,"ApBp",2.82520000004768,0.5,0.7,3.6,0,9,5.4,"0",60
9156653,35,"ApBp",3.46270000004768,0.5,0.7,0.9,0,9,8.1,"1",90
9156653,36,"ApBp",5.21939999997616,0.5,0.7,5.85,1,9,3.15,"1",35
9156653,37,"ApBp",1.60529999995232,0.5,0.7,1.35,0,9,7.65,"1",85
9156653,38,"ApBp",4.128,0.5,0.7,0,0,9,9,"1",100
9156653,39,"ApBp",1.06570000004768,0.5,0.7,4.05,1,9,4.95,"1",55
9156653,40,"ApBp",1.59439999997616,0.5,0.7,6.3,1,9,2.7,"0",30
9156644,1,"AB",4.974,0.5,0.7,4.2,0,30,25.8,"1",80
9156644,2,"AB",5.797,0.5,0.7,17.85,1,30,12.15,"1",15
9156644,3,"AB",4.25,0.5,0.7,18.9,1,30,11.1,"0",10
9156644,4,"AB",5.927,0.5,0.7,7.35,0,30,22.65,"1",65
9156644,5,"AB",5.399,0.5,0.7,19.95,1,30,10.05,"1",5
9156644,6,"AB",3.606,0.5,0.7,6.3,0,30,23.7,"0",70
9156644,7,"AB",3.388,0.5,0.7,12.6,0,30,17.4,"0",40
9156644,8,"AB",9.09,0.5,0.7,15.75,1,30,14.25,"0",25
9156644,9,"AB",11.773,0.5,0.7,2.1,0,30,27.9,"1",90
9156644,10,"AB",5.09,0.5,0.7,10.5,0,30,19.5,"0",50
9156644,12,"AB",6.64399999999997,0.5,0.7,16.8,0,30,13.2,"1",20
9156644,13,"AB",5.863,0.5,0.7,0,1,30,30,"1",100
9156644,14,"AB",4.461,0.5,0.7,1.05,0,30,28.95,"1",95
9156644,15,"AB",9.731,0.5,0.7,13.65,0,30,16.35,"0",35
9156644,16,"AB",1.316,0.5,0.7,5.25,0,30,24.75,"1",75
9156644,17,"AB",1.27199999999997,0.5,0.7,3.15,0,30,26.85,"1",85
9156644,18,"AB",1.856,0.5,0.7,11.55,0,30,18.45,"1",45
9156644,19,"AB",1.618,0.5,0.7,9.45,0,30,20.55,"0",55
9156644,20,"AB",1.348,0.5,0.7,8.4,0,30,21.6,"1",60
9156644,21,"ApBp",8.89499999999997,0.5,0.7,1.05,0,21,19.95,"0",95
9156644,22,"ApBp",8.76100000000003,0.5,0.7,5.25,1,21,15.75,"0",75
9156644,23,"ApBp",7.622,0.5,0.7,12.6,1,21,8.4,"0",40
9156644,24,"ApBp",2.569,0.5,0.7,18.9,1,21,2.1,"0",10
9156644,25,"ApBp",3.03,0.5,0.7,17.85,1,21,3.15,"1",15
9156644,26,"ApBp",4.82100000000003,0.5,0.7,9.45,1,21,11.55,"0",55
9156644,27,"ApBp",2.436,0.5,0.7,14.7,1,21,6.3,"1",30
9156644,28,"ApBp",2.67599999999994,0.5,0.7,8.4,1,21,12.6,"1",60
9156644,29,"ApBp",4.764,0.5,0.7,0,0,21,21,"1",100
9156644,30,"ApBp",5.637,0.5,0.7,10.5,1,21,10.5,"1",50
9156644,31,"ApBp",10.395,0.5,0.7,4.2,1,21,16.8,"1",80
9156644,32,"ApBp",3.103,0.5,0.7,15.75,1,21,5.25,"1",25
9156644,33,"ApBp",5.547,0.5,0.7,3.15,1,21,17.85,"0",85
9156644,34,"ApBp",2.967,0.5,0.7,13.65,1,21,7.35,"0",35
9156644,35,"ApBp",5.71600000000006,0.5,0.7,2.1,0,21,18.9,"1",90
9156644,36,"ApBp",2.037,0.5,0.7,16.8,1,21,4.2,"1",20
9156644,37,"ApBp",1.747,0.5,0.7,7.35,1,21,13.65,"1",65
9156644,38,"ApBp",1.34300000000006,0.5,0.7,19.95,1,21,1.05,"1",5
9156644,39,"ApBp",3.331,0.5,0.7,6.3,0,21,14.7,"1",70
9156644,40,"ApBp",1.955,0.5,0.7,11.55,1,21,9.45,"0",45
9156374,1,"AB",5.968,0.5,0.7,-2.25,0,30,32.25,"0",75
9156374,2,"AB",3.92,0.5,0.7,3.75,1,30,26.25,"1",35
9156374,3,"AB",4.045,0.5,0.7,5.25,1,30,24.75,"1",25
9156374,4,"AB",4.63,0.5,0.7,0.75,0,30,29.25,"1",55
9156374,5,"AB",5.052,0.5,0.7,0,0,30,30,"1",60
9156374,6,"AB",2.897,0.5,0.7,1.5,0,30,28.5,"1",50
9156374,7,"AB",4.931,0.5,0.7,-4.5,0,30,34.5,"0",90
9156374,8,"AB",3.006,0.5,0.7,4.5,1,30,25.5,"0",30
9156374,9,"AB",3.596,0.5,0.7,7.5,1,30,22.5,"1",10
9156374,10,"AB",3.099,0.5,0.7,-3,0,30,33,"1",80
9156374,11,"AB",3.175,0.5,0.7,-1.5,0,30,31.5,"0",70
9156374,12,"AB",2.695,0.5,0.7,6,1,30,24,"1",20
9156374,13,"AB",4.874,0.5,0.7,2.25,0,30,27.75,"1",45
9156374,14,"AB",2.885,0.5,0.7,3,1,30,27,"1",40
9156374,15,"AB",1.769,0.5,0.7,8.25,1,30,21.75,"0",5
9156374,16,"AB",3.09,0.5,0.7,6.75,1,30,23.25,"0",15
9156374,17,"AB",3.112,0.5,0.7,-3.75,0,30,33.75,"0",85
9156374,18,"AB",3.383,0.5,0.7,-6,0,30,36,"0",100
9156374,19,"AB",2.056,0.5,0.7,-5.25,0,30,35.25,"1",95
9156374,20,"AB",3.406,0.5,0.7,-0.75,0,30,30.75,"1",65
9156374,21,"ApBp",5.895,0.5,0.7,2.25,1,9,6.75,"0",45
9156374,22,"ApBp",6.105,0.5,0.7,6.75,1,9,2.25,"1",15
9156374,23,"ApBp",5.971,0.5,0.7,-3.75,1,9,12.75,"0",85
9156374,24,"ApBp",3.603,0.5,0.7,3.75,1,9,5.25,"1",35
9156374,25,"ApBp",4.962,0.5,0.7,0.75,1,9,8.25,"0",55
9156374,26,"ApBp",4.447,0.5,0.7,7.5,1,9,1.5,"1",10
9156374,27,"ApBp",5.142,0.5,0.7,-3,0,9,12,"1",80
9156374,28,"ApBp",2.919,0.5,0.7,-4.5,0,9,13.5,"0",90
9156374,29,"ApBp",3.072,0.5,0.7,6,1,9,3,"1",20
9156374,30,"ApBp",3.932,0.5,0.7,-5.25,0,9,14.25,"1",95
9156374,31,"ApBp",5.287,0.5,0.7,-1.5,0,9,10.5,"0",70
9156374,32,"ApBp",4.386,0.5,0.7,-6,0,9,15,"0",100
9156374,33,"ApBp",3.008,0.5,0.7,4.5,1,9,4.5,"0",30
9156374,34,"ApBp",2.359,0.5,0.7,-0.75,0,9,9.75,"1",65
9156374,35,"ApBp",2.416,0.5,0.7,-2.25,0,9,11.25,"0",75
9156374,36,"ApBp",3.007,0.5,0.7,3,1,9,6,"1",40
9156374,37,"ApBp",4.838,0.5,0.7,0,1,9,9,"0",60
9156374,38,"ApBp",4.171,0.5,0.7,1.5,0,9,7.5,"1",50
9156374,39,"ApBp",2.411,0.5,0.7,8.25,1,9,0.75,"0",5
9156374,40,"ApBp",1.913,0.5,0.7,5.25,1,9,3.75,"0",25
9158881,2,"AB",5.753,0.5,0.7,4.95,1,30,25.05,"0",45
9158881,3,"AB",8.34379999999993,0.5,0.7,5.4,1,30,24.6,"0",40
9158881,4,"AB",4.42369999999995,0.5,0.7,0.450000000000003,1,30,29.55,"0",95
9158881,5,"AB",7.39380000000005,0.5,0.7,6.3,1,30,23.7,"0",30
9158881,6,"AB",3.87569999999995,0.5,0.7,0.899999999999999,1,30,29.1,"1",90
9158881,7,"AB",3.54509999999998,0.5,0.7,7.65,1,30,22.35,"0",15
9158881,8,"AB",2.6095,0.5,0.7,5.85,1,30,24.15,"1",35
9158881,9,"AB",6.23219999999995,0.5,0.7,7.2,1,30,22.8,"1",20
9158881,10,"AB",3.86209999999998,0.5,0.7,8.1,1,30,21.9,"0",10
9158881,11,"AB",3.18290000000002,0.5,0.7,6.75,1,30,23.25,"0",25
9158881,12,"AB",3.73589999999991,0.5,0.7,3.15,1,30,26.85,"0",65
9158881,13,"AB",2.80259999999998,0.5,0.7,1.8,1,30,28.2,"0",80
9158881,15,"AB",2.14530000000005,0.5,0.7,2.7,1,30,27.3,"1",70
9158881,16,"AB",1.79869999999995,0.5,0.7,4.05,1,30,25.95,"0",55
9158881,17,"AB",1.81910000000009,0.5,0.7,1.35,1,30,28.65,"0",85
9158881,18,"AB",2.17,0.5,0.7,4.5,1,30,25.5,"0",50
9158881,19,"AB",2.81660000000009,0.5,0.7,2.25,1,30,27.75,"1",75
9158881,20,"AB",3.23290000000014,0.5,0.7,8.55,1,30,21.45,"0",5
9158881,22,"ApBp",6.22569999999995,0.5,0.7,3.15,1,9,5.85,"1",65
9158881,23,"ApBp",4.29240000000014,0.5,0.7,6.3,1,9,2.7,"0",30
9158881,25,"ApBp",2.34570000000019,0.5,0.7,8.1,1,9,0.9,"1",10
9158881,26,"ApBp",4.05660000000009,0.5,0.7,7.2,1,9,1.8,"0",20
9158881,28,"ApBp",1.47110000000009,0.5,0.7,4.95,1,9,4.05,"0",45
9158881,29,"ApBp",2.00819999999995,0.5,0.7,7.65,1,9,1.35,"1",15
9158881,30,"ApBp",3.92230000000005,0.5,0.7,0.9,1,9,8.1,"0",90
9158881,31,"ApBp",3.87629999999981,0.5,0.7,3.6,1,9,5.4,"1",60
9158881,32,"ApBp",1.578,0.5,0.7,5.4,1,9,3.6,"1",40
9158881,33,"ApBp",1.4335,0.5,0.7,1.8,1,9,7.2,"1",80
9158881,34,"ApBp",4.85370000000019,0.5,0.7,0.450000000000001,1,9,8.55,"0",95
9158881,35,"ApBp",2.49380000000005,0.5,0.7,4.05,1,9,4.95,"1",55
9158881,36,"ApBp",1.34560000000009,0.5,0.7,6.75,1,9,2.25,"1",25
9158881,37,"ApBp",2.11510000000009,0.5,0.7,8.55,1,9,0.45,"0",5
9158881,38,"ApBp",1.69219999999995,0.5,0.7,5.85,1,9,3.15,"1",35
9158881,39,"ApBp",1.4475,0.5,0.7,2.25,1,9,6.75,"1",75
9158881,40,"ApBp",5.115,0.5,0.7,0,1,9,9,"0",100
9158775,1,"AB",5.862,0.5,0.7,12.25,1,30,17.75,"0",25
9158775,2,"AB",5.257,0.5,0.7,1.75,1,30,28.25,"1",55
9158775,3,"AB",3.661,0.5,0.7,-8.75,0,30,38.75,"1",85
9158775,4,"AB",9.223,0.5,0.7,0,1,30,30,"1",60
9158775,5,"AB",3.339,0.5,0.7,-7,0,30,37,"1",80
9158775,6,"AB",2.572,0.5,0.7,-12.25,0,30,42.25,"0",95
9158775,7,"AB",3.037,0.5,0.7,7,0,30,23,"0",40
9158775,8,"AB",10.399,0.5,0.7,15.75,1,30,14.25,"0",15
9158775,9,"AB",11.697,0.5,0.7,-3.5,1,30,33.5,"0",70
9158775,10,"AB",2.491,0.5,0.7,19.25,1,30,10.75,"0",5
9158775,11,"AB",4.256,0.5,0.7,10.5,1,30,19.5,"0",30
9158775,12,"AB",11.477,0.5,0.7,-14,0,30,44,"0",100
9158775,13,"AB",2.941,0.5,0.7,3.5,1,30,26.5,"1",50
9158775,14,"AB",1.921,0.5,0.7,-10.5,0,30,40.5,"0",90
9158775,15,"AB",1.583,0.5,0.7,14,1,30,16,"0",20
9158775,16,"AB",2.368,0.5,0.7,-5.25,0,30,35.25,"0",75
9158775,17,"AB",1.359,0.5,0.7,5.25,1,30,24.75,"1",45
9158775,18,"AB",7.749,0.5,0.7,-1.75,0,30,31.75,"0",65
9158775,19,"AB",2.272,0.5,0.7,17.5,1,30,12.5,"1",10
9158775,20,"AB",2.665,0.5,0.7,8.75,1,30,21.25,"1",35
9158775,21,"ApBp",10.465,0.5,0.7,10.5,1,21,10.5,"1",30
9158775,23,"ApBp",7.326,0.5,0.7,7,1,21,14,"1",40
9158775,24,"ApBp",7.633,0.5,0.7,-14,0,21,35,"0",100
9158775,25,"ApBp",4.824,0.5,0.7,8.75,1,21,12.25,"1",35
9158775,26,"ApBp",9.843,0.5,0.7,0,1,21,21,"0",60
9158775,27,"ApBp",12.164,0.5,0.7,12.25,1,21,8.75,"1",25
9158775,28,"ApBp",3.299,0.5,0.7,-7,0,21,28,"1",80
9158775,29,"ApBp",1.669,0.5,0.7,14,1,21,7,"1",20
9158775,30,"ApBp",5.178,0.5,0.7,-1.75,0,21,22.75,"0",65
9158775,31,"ApBp",1.99,0.5,0.7,3.5,1,21,17.5,"0",50
9158775,32,"ApBp",1.084,0.5,0.7,5.25,1,21,15.75,"0",45
9158775,33,"ApBp",1.214,0.5,0.7,15.75,1,21,5.25,"1",15
9158775,34,"ApBp",2.753,0.5,0.7,19.25,1,21,1.75,"0",5
9158775,35,"ApBp",1.225,0.5,0.7,-10.5,0,21,31.5,"1",90
9158775,36,"ApBp",2.333,0.5,0.7,17.5,1,21,3.5,"1",10
9158775,37,"ApBp",3.246,0.5,0.7,-3.5,0,21,24.5,"1",70
9158775,38,"ApBp",1.237,0.5,0.7,-5.25,0,21,26.25,"1",75
9158775,39,"ApBp",0.834,0.5,0.7,-8.75,0,21,29.75,"1",85
9158775,40,"ApBp",0.834,0.5,0.7,-12.25,0,21,33.25,"0",95
9161314,1,"AB",5.91240000000596,0.5,0.7,6.3,1,30,23.7,"1",70
9161314,2,"AB",3.6965,0.5,0.7,7.35,1,30,22.65,"0",65
9161314,3,"AB",4.63969999998808,0.5,0.7,4.2,1,30,25.8,"0",80
9161314,4,"AB",3.58940000000596,0.5,0.7,17.85,1,30,12.15,"1",15
9161314,5,"AB",6.0595,0.5,0.7,5.25,0,30,24.75,"1",75
9161314,6,"AB",3.71619999998808,0.5,0.7,1.05,0,30,28.95,"1",95
9161314,7,"AB",1.88220000001788,0.5,0.7,13.65,1,30,16.35,"1",35
9161314,8,"AB",3.93779999998212,0.5,0.7,9.45,1,30,20.55,"1",55
9161314,9,"AB",2.46390000000596,0.5,0.7,10.5,1,30,19.5,"1",50
9161314,10,"AB",5.62319999998808,0.5,0.7,18.9,1,30,11.1,"0",10
9161314,11,"AB",1.52210000002384,0.5,0.7,16.8,1,30,13.2,"0",20
9161314,12,"AB",1.85459999999404,0.5,0.7,12.6,1,30,17.4,"1",40
9161314,13,"AB",1.84870000001788,0.5,0.7,11.55,1,30,18.45,"0",45
9161314,14,"AB",4.51069999998808,0.5,0.7,3.15,0,30,26.85,"1",85
9161314,15,"AB",2.883,0.5,0.7,19.95,1,30,10.05,"1",5
9161314,16,"AB",8.62369999998808,0.5,0.7,14.7,1,30,15.3,"0",30
9161314,17,"AB",6.01340000000596,0.5,0.7,8.4,1,30,21.6,"0",60
9161314,18,"AB",2.70990000000596,0.5,0.7,0,0,30,30,"0",100
9161314,19,"AB",1.62809999999404,0.5,0.7,2.1,0,30,27.9,"1",90
9161314,20,"AB",2.16909999999404,0.5,0.7,15.75,1,30,14.25,"0",25
9161314,22,"ApBp",5.54030000001192,0.5,0.7,14.7,1,21,6.3,"1",30
9161314,23,"ApBp",3.55180000001192,0.5,0.7,10.5,1,21,10.5,"1",50
9161314,24,"ApBp",2.68609999999404,0.5,0.7,15.75,1,21,5.25,"1",25
9161314,25,"ApBp",3.44979999998212,0.5,0.7,0,0,21,21,"1",100
9161314,26,"ApBp",4.94990000000596,0.5,0.7,16.8,1,21,4.2,"1",20
9161314,27,"ApBp",7.25230000001192,0.5,0.7,13.65,1,21,7.35,"0",35
9161314,28,"ApBp",2.1055,0.5,0.7,17.85,1,21,3.15,"1",15
9161314,29,"ApBp",3.56790000000596,0.5,0.7,11.55,1,21,9.45,"0",45
9161314,30,"ApBp",1.59,0.5,0.7,2.1,0,21,18.9,"1",90
9161314,31,"ApBp",1.36669999998808,0.5,0.7,7.35,1,21,13.65,"1",65
9161314,32,"ApBp",1.6235,0.5,0.7,9.45,1,21,11.55,"0",55
9161314,33,"ApBp",0.991699999988079,0.5,0.7,3.15,1,21,17.85,"0",85
9161314,34,"ApBp",1.58369999998808,0.5,0.7,12.6,1,21,8.4,"0",40
9161314,35,"ApBp",1.7625,0.5,0.7,1.05,0,21,19.95,"0",95
9161314,36,"ApBp",1.54730000001192,0.5,0.7,8.4,1,21,12.6,"1",60
9161314,37,"ApBp",2.30959999999404,0.5,0.7,6.3,1,21,14.7,"0",70
9161314,38,"ApBp",3.93640000000596,0.5,0.7,5.25,0,21,15.75,"1",75
9161314,39,"ApBp",1.24140000000596,0.5,0.7,19.95,1,21,1.05,"1",5
9161314,40,"ApBp",3.81209999999404,0.5,0.7,18.9,1,21,2.1,"0",10
9158924,1,"AB",4.35639999999851,0.5,0.7,-8.4,0,30,38.4,"1",60
9158924,2,"AB",8.16840000000223,0.5,0.7,8.75,1,30,21.25,"0",25
9158924,3,"AB",4.39740000000223,0.5,0.7,11.2,1,30,18.8,"1",20
9158924,4,"AB",3.09619999999925,0.5,0.7,-18.2,0,30,48.2,"1",80
9158924,5,"AB",3.97560000000149,0.5,0.7,-20.65,0,30,50.65,"1",85
9158924,6,"AB",4.83330000000074,0.5,0.7,13.65,1,30,16.35,"1",15
9158924,7,"AB",7.61130000000075,0.5,0.7,-1.05,0,30,31.05,"1",45
9158924,8,"AB",8.618,0.5,0.7,6.3,1,30,23.7,"1",30
9158924,10,"AB",2.44580000000074,0.5,0.7,18.55,1,30,11.45,"1",5
9158924,11,"AB",4.08330000000074,0.5,0.7,1.4,0,30,28.6,"1",40
9158924,12,"AB",4.26680000000075,0.5,0.7,-28,0,30,58,"0",100
9158924,14,"AB",9.99289999999851,0.5,0.7,-5.95,0,30,35.95,"1",55
9158924,15,"AB",5.75089999999851,0.5,0.7,-13.3,0,30,43.3,"1",70
9158924,16,"AB",8.9155,0.5,0.7,-3.5,0,30,33.5,"0",50
9158924,17,"AB",1.7885,0.5,0.7,-23.1,0,30,53.1,"0",90
9158924,18,"AB",3.1395,0.5,0.7,-25.55,0,30,55.55,"0",95
9158924,19,"AB",4.42610000000149,0.5,0.7,-15.75,0,30,45.75,"0",75
9158924,20,"AB",2.04969999999925,0.5,0.7,3.85,1,30,26.15,"1",35
9158924,21,"ApBp",9.66809999999776,0.5,0.7,1.4,1,21,19.6,"0",40
9158924,22,"ApBp",8.8595,0.5,0.7,-3.5,1,21,24.5,"1",50
9158924,23,"ApBp",10.282,0.5,0.7,-25.55,0,21,46.55,"0",95
9158924,24,"ApBp",6.31310000000149,0.5,0.7,-1.05,1,21,22.05,"0",45
9158924,25,"ApBp",7.16340000000223,0.5,0.7,8.75,1,21,12.25,"1",25
9158924,27,"ApBp",5.09890000000224,0.5,0.7,13.65,1,21,7.35,"1",15
9158924,28,"ApBp",2.7725,0.5,0.7,-18.2,0,21,39.2,"1",80
9158924,29,"ApBp",4.92319999999926,0.5,0.7,18.55,1,21,2.45,"1",5
9158924,30,"ApBp",4.06940000000224,0.5,0.7,-13.3,0,21,34.3,"0",70
9158924,31,"ApBp",8.35269999999925,0.5,0.7,-8.4,1,21,29.4,"0",60
9158924,32,"ApBp",5.21429999999702,0.5,0.7,-10.85,0,21,31.85,"0",65
9158924,33,"ApBp",3.94660000000149,0.5,0.7,16.1,1,21,4.9,"1",10
9158924,34,"ApBp",5.73619999999926,0.5,0.7,6.3,1,21,14.7,"1",30
9158924,35,"ApBp",7.28509999999777,0.5,0.7,11.2,1,21,9.8,"1",20
9158924,36,"ApBp",5.12170000000298,0.5,0.7,-20.65,0,21,41.65,"1",85
9158924,37,"ApBp",3.99589999999851,0.5,0.7,-23.1,0,21,44.1,"1",90
9158924,38,"ApBp",4.25669999999926,0.5,0.7,-15.75,0,21,36.75,"0",75
9158924,39,"ApBp",8.4685,0.5,0.7,-5.95,1,21,26.95,"1",55
9158924,40,"ApBp",1.81069999999926,0.5,0.7,3.85,1,21,17.15,"0",35
9158742,2,"AB",8.354,0.5,0.7,12.6,1,30,17.4,"1",40
9158742,3,"AB",9.33410000000149,0.5,0.7,5.25,0,30,24.75,"1",75
9158742,4,"AB",5.09680000000447,0.5,0.7,16.8,1,30,13.2,"0",20
9158742,5,"AB",2.13760000000149,0.5,0.7,3.15,0,30,26.85,"1",85
9158742,6,"AB",3.92630000000447,0.5,0.7,7.35,1,30,22.65,"0",65
9158742,7,"AB",2.4925,0.5,0.7,10.5,1,30,19.5,"1",50
9158742,8,"AB",6.24310000000149,0.5,0.7,15.75,1,30,14.25,"0",25
9158742,9,"AB",4.31229999999702,0.5,0.7,13.65,1,30,16.35,"1",35
9158742,10,"AB",2.31439999999851,0.5,0.7,2.1,1,30,27.9,"0",90
9158742,11,"AB",6.09429999999702,0.5,0.7,9.45,1,30,20.55,"1",55
9158742,12,"AB",1.7195,0.5,0.7,6.3,0,30,23.7,"0",70
9158742,13,"AB",3.48220000000298,0.5,0.7,11.55,1,30,18.45,"0",45
9158742,14,"AB",1.65810000000149,0.5,0.7,4.2,0,30,25.8,"1",80
9158742,15,"AB",3.32860000000149,0.5,0.7,14.7,1,30,15.3,"0",30
9158742,16,"AB",2.83170000000298,0.5,0.7,1.05,0,30,28.95,"1",95
9158742,17,"AB",3.0985,0.5,0.7,18.9,1,30,11.1,"0",10
9158742,18,"AB",1.96680000000447,0.5,0.7,0,0,30,30,"0",100
9158742,19,"AB",2.10789999999851,0.5,0.7,17.85,1,30,12.15,"1",15
9158742,20,"AB",3.59309999999404,0.5,0.7,19.95,1,30,10.05,"1",5
9158742,22,"ApBp",10.1615,0.5,0.7,10.5,1,21,10.5,"1",50
9158742,24,"ApBp",5.58179999999702,0.5,0.7,18.9,1,21,2.1,"0",10
9158742,25,"ApBp",6.49789999999851,0.5,0.7,13.65,1,21,7.35,"0",35
9158742,27,"ApBp",8.44110000000149,0.5,0.7,1.05,0,21,19.95,"0",95
9158742,28,"ApBp",10.7786000000015,0.5,0.7,4.2,0,21,16.8,"0",80
9158742,29,"ApBp",9.0515,0.5,0.7,14.7,1,21,6.3,"1",30
9158742,30,"ApBp",6.23670000000298,0.5,0.7,12.6,1,21,8.4,"0",40
9158742,31,"ApBp",6.15329999999702,0.5,0.7,9.45,1,21,11.55,"0",55
9158742,32,"ApBp",3.11260000000149,0.5,0.7,2.1,0,21,18.9,"1",90
9158742,33,"ApBp",1.79009999999404,0.5,0.7,5.25,1,21,15.75,"0",75
9158742,34,"ApBp",2.81570000000298,0.5,0.7,6.3,1,21,14.7,"0",70
9158742,35,"ApBp",2.46860000000149,0.5,0.7,17.85,1,21,3.15,"1",15
9158742,36,"ApBp",3.63440000000596,0.5,0.7,0,0,21,21,"1",100
9158742,37,"ApBp",1.698,0.5,0.7,15.75,1,21,5.25,"1",25
9158742,38,"ApBp",1.75720000000298,0.5,0.7,19.95,1,21,1.05,"1",5
9158742,39,"ApBp",2.09960000000149,0.5,0.7,8.4,1,21,12.6,"1",60
9158742,40,"ApBp",1.59170000000298,0.5,0.7,3.15,1,21,17.85,"0",85
9158588,1,"AB",7.193,0.5,0.7,3.5,1,30,26.5,"1",50
9158588,2,"AB",8.33170000000112,0.5,0.7,-3.5,0,30,33.5,"1",70
9158588,3,"AB",8.14729999999888,0.5,0.7,17.5,1,30,12.5,"1",10
9158588,4,"AB",7.28680000000074,0.5,0.7,0,1,30,30,"1",60
9158588,5,"AB",5.05720000000112,0.5,0.7,7,0,30,23,"0",40
9158588,6,"AB",5.7475,0.5,0.7,5.25,1,30,24.75,"1",45
9158588,7,"AB",5.04510000000149,0.5,0.7,14,1,30,16,"0",20
9158588,8,"AB",4.70959999999963,0.5,0.7,-14,0,30,44,"0",100
9158588,9,"AB",3.45790000000037,0.5,0.7,-8.75,0,30,38.75,"1",85
9158588,10,"AB",3.67459999999963,0.5,0.7,12.25,1,30,17.75,"0",25
9158588,11,"AB",4.92990000000037,0.5,0.7,-5.25,0,30,35.25,"0",75
9158588,12,"AB",1.74790000000037,0.5,0.7,-7,0,30,37,"1",80
9158588,13,"AB",1.45909999999963,0.5,0.7,10.5,1,30,19.5,"0",30
9158588,14,"AB",2.49790000000037,0.5,0.7,-1.75,0,30,31.75,"0",65
9158588,15,"AB",2.09880000000074,0.5,0.7,8.75,1,30,21.25,"1",35
9158588,16,"AB",3.97429999999888,0.5,0.7,19.25,1,30,10.75,"0",5
9158588,17,"AB",1.83569999999925,0.5,0.7,-10.5,0,30,40.5,"0",90
9158588,18,"AB",3.1,0.5,0.7,15.75,1,30,14.25,"0",15
9158588,19,"AB",2.06180000000075,0.5,0.7,-12.25,0,30,42.25,"0",95
9158588,20,"AB",5.4845,0.5,0.7,1.75,0,30,28.25,"0",55
9158588,22,"ApBp",7.66259999999963,0.5,0.7,-3.5,1,21,24.5,"0",70
9158588,23,"ApBp",2.95430000000075,0.5,0.7,-14,0,21,35,"0",100
9158588,24,"ApBp",10.5175,0.5,0.7,3.5,1,21,17.5,"0",50
9158588,25,"ApBp",4.13459999999963,0.5,0.7,15.75,1,21,5.25,"1",15
9158588,26,"ApBp",1.68359999999963,0.5,0.7,12.25,1,21,8.75,"1",25
9158588,27,"ApBp",5.59870000000112,0.5,0.7,5.25,1,21,15.75,"0",45
9158588,28,"ApBp",3.85619999999926,0.5,0.7,10.5,1,21,10.5,"1",30
9158588,29,"ApBp",4.374,0.5,0.7,17.5,1,21,3.5,"1",10
9158588,30,"ApBp",2.42379999999888,0.5,0.7,-10.5,0,21,31.5,"1",90
9158588,31,"ApBp",5.23290000000037,0.5,0.7,8.75,1,21,12.25,"1",35
9158588,32,"ApBp",5.63879999999888,0.5,0.7,-5.25,0,21,26.25,"1",75
9158588,33,"ApBp",4.08469999999925,0.5,0.7,19.25,1,21,1.75,"0",5
9158588,34,"ApBp",7.329,0.5,0.7,0,0,21,21,"1",60
9158588,35,"ApBp",7.04580000000075,0.5,0.7,1.75,1,21,19.25,"1",55
9158588,36,"ApBp",9.15930000000074,0.5,0.7,-8.75,0,21,29.75,"1",85
9158588,37,"ApBp",6.93069999999925,0.5,0.7,-12.25,0,21,33.25,"0",95
9158588,38,"ApBp",6.56130000000075,0.5,0.7,7,0,21,14,"0",40
9158588,39,"ApBp",8.16670000000112,0.5,0.7,14,1,21,7,"1",20
9158588,40,"ApBp",8.82530000000074,0.5,0.7,-7,0,21,28,"1",80
9158573,1,"AB",1.50329999999702,0.5,0.7,-4.65,1,30,34.65,"0",65
9158573,2,"AB",0.96640000000596,0.5,0.7,-6.75,1,30,36.75,"0",75
9158573,3,"AB",1.99210000000894,0.5,0.7,7.95,1,30,22.05,"0",5
9158573,4,"AB",2.43330000001192,0.5,0.7,-8.84999999999999,1,30,38.85,"0",85
9158573,5,"AB",6.528,0.5,0.7,6.9,1,30,23.1,"1",10
9158573,6,"AB",3.91110000000894,0.5,0.7,-10.95,0,30,40.95,"1",95
9158573,7,"AB",3.22570000000298,0.5,0.7,5.85,0,30,24.15,"0",15
9158573,8,"AB",1.32220000000298,0.5,0.7,-3.6,1,30,33.6,"0",60
9158573,9,"AB",1.2575,0.5,0.7,3.75,1,30,26.25,"0",25
9158573,10,"AB",1.29879999999702,0.5,0.7,-0.449999999999999,1,30,30.45,"1",45
9158573,11,"AB",2.047,0.5,0.7,2.7,1,30,27.3,"0",30
9158573,12,"AB",1.33069999998808,0.5,0.7,4.8,1,30,25.2,"1",20
9158573,13,"AB",0.522,0.5,0.7,-2.55,1,30,32.55,"1",55
9158573,14,"AB",0.826,0.5,0.7,-9.9,1,30,39.9,"0",90
9158573,15,"AB",0.72890000000596,0.5,0.7,-7.8,1,30,37.8,"1",80
9158573,16,"AB",0.94740000000596,0.5,0.7,-1.5,1,30,31.5,"0",50
9158573,17,"AB",1.02339999999106,0.5,0.7,1.65,1,30,28.35,"1",35
9158573,18,"AB",2.79260000000894,0.5,0.7,0.600000000000001,0,30,29.4,"1",40
9158573,19,"AB",2.55629999999702,0.5,0.7,-12,0,30,42,"0",100
9158573,20,"AB",2.38470000000298,0.5,0.7,-5.7,0,30,35.7,"0",70
9158573,21,"ApBp",6.01319999998808,0.5,0.7,-7.8,1,9,16.8,"0",80
9158573,22,"ApBp",7.14579999999702,0.5,0.7,1.65,1,9,7.35,"0",35
9158573,23,"ApBp",3.97360000000894,0.5,0.7,-0.449999999999999,1,9,9.45,"1",45
9158573,24,"ApBp",3.9975,0.5,0.7,-5.7,1,9,14.7,"0",70
9158573,25,"ApBp",3.04470000000298,0.5,0.7,3.75,1,9,5.25,"0",25
9158573,26,"ApBp",3.18140000000596,0.5,0.7,4.8,1,9,4.2,"0",20
9158573,27,"ApBp",3.973,0.5,0.7,6.9,1,9,2.1,"1",10
9158573,28,"ApBp",5.27340000000596,0.5,0.7,-8.85,0,9,17.85,"0",85
9158573,29,"ApBp",2.08429999999702,0.5,0.7,5.85,1,9,3.15,"0",15
9158573,30,"ApBp",3.83210000000894,0.5,0.7,-10.95,0,9,19.95,"1",95
9158573,31,"ApBp",0.93990000000596,0.5,0.7,-6.75,0,9,15.75,"0",75
9158573,32,"ApBp",2.32029999999702,0.5,0.7,-3.6,0,9,12.6,"1",60
9158573,33,"ApBp",1.54910000000894,0.5,0.7,-4.65,0,9,13.65,"0",65
9158573,34,"ApBp",1.34740000000596,0.5,0.7,7.95,1,9,1.05,"0",5
9158573,35,"ApBp",1.94279999999702,0.5,0.7,2.7,1,9,6.3,"0",30
9158573,36,"ApBp",1.22619999998808,0.5,0.7,-1.5,0,9,10.5,"0",50
9158573,37,"ApBp",1.2635,0.5,0.7,-12,0,9,21,"1",100
9158573,38,"ApBp",0.91540000000596,0.5,0.7,0.6,0,9,8.4,"0",40
9158573,39,"ApBp",0.93279999999702,0.5,0.7,-2.55,0,9,11.55,"0",55
9158573,40,"ApBp",0.84020000000298,0.5,0.7,-9.9,0,9,18.9,"0",90
